filename,PCo1,PCo2,PCo3,PCo4,PCo5,sample_id,sample_type,treatment_group,subject_id
BE1.mzML,-0.08290188112533804,0.010725149102139212,-0.16748959188349669,0.20853848055754784,-0.1227237300814532,BE1,QC_blank_extract,(QC blank),
BE2.mzML,-0.00593388746851037,-0.08108252037738253,-0.09486241037823663,0.13334525664889324,0.0841159812611028,BE2,QC_blank_extract,(QC blank),
BE3.mzML,-0.03740320174457029,-0.02258944502318558,-0.16432472875777784,0.17573804258510076,-0.12928740843861308,BE3,QC_blank_extract,(QC blank),
Blank_MeOH.mzML,0.510467728604347,0.5687948298645892,-0.1742476632677981,0.03686699352779515,0.11733295546967047,Blank_MeOH,QC_blank_solvent,(QC blank),
Blank-withIS_1.mzML,0.5509049540092349,-0.1272564429325728,-0.04058302706090702,0.012173958165514,-0.08863365340772536,Blank-withIS_1,QC_blank_with_internal_standard,(QC blank),
Blank-withIS_2.mzML,0.5898698303594591,-0.1368955005737784,-0.0244102767666027,-0.03830824424375007,-0.045328193297932924,Blank-withIS_2,QC_blank_with_internal_standard,(QC blank),
Blank-withIS_3.mzML,0.5803897891795962,-0.14378395987731676,0.0061934265980485344,-0.014520987219746755,-0.03539968670331816,Blank-withIS_3,QC_blank_with_internal_standard,(QC blank),
UHM102-10855.mzML,-0.051054476123295035,-0.0019232332819482938,0.020169898272627874,0.18588670702869525,-0.1052153411079688,UHM102-10855,sample,STP1710.7 pilot,UHM102
UHM102-22450.mzML,-0.0585664642218197,-0.030364529636921673,-0.0320033165226693,0.03508102300885284,0.025466993764662105,UHM102-22450,sample,STP1710.7 pilot,UHM102
UHM102-22452.mzML,-0.096507117114582,0.0047809142431656584,-0.051784099421134745,-0.015241098744781125,-0.058888970342168896,UHM102-22452,sample,STP1710.7 pilot,UHM102
UHM102-22454.mzML,-0.10002437549268907,0.02225159226206387,-0.017452694305738297,-0.058111527851224934,-0.006782434179178484,UHM102-22454,sample,STP1710.7 pilot,UHM102
UHM125-22428.mzML,-0.06715383969062326,-0.009877203305359322,0.011923955848772021,-0.007731208700259295,0.00283509668814167,UHM125-22428,sample,STP1717.1 pilot,UHM125
UHM125-22430.mzML,-0.09019827146799023,-0.005701244194828575,-0.03164705712541774,-0.05833743693876266,0.03130368049219856,UHM125-22430,sample,STP1717.1 pilot,UHM125
UHM125-22432.mzML,-0.12116148579992407,0.07961005326402999,-0.034636570779204595,-0.13196272277357196,-0.03645174729653806,UHM125-22432,sample,STP1717.1 pilot,UHM125
UHM145-22422.mzML,-0.044644133838039904,-0.04884232748080163,-0.047446211643323376,-0.03715777218681902,0.06380308934991338,UHM145-22422,sample,STP1717.1 pilot,UHM145
UHM145-22424.mzML,-0.13919134901880084,0.0660719169582966,-0.031025832784593324,-0.1780428968195962,-0.027909381295821593,UHM145-22424,sample,STP1717.1 pilot,UHM145
UHM145-22426.mzML,-0.06649996016467744,0.032992955176197575,-0.06532388591813977,-0.041182730086123116,-0.15147434462540238,UHM145-22426,sample,STP1717.1 pilot,UHM145
UHM17-10841.mzML,0.036811248880337245,0.19123185051159777,0.0667887937788254,0.046024174526814246,0.07832783886150933,UHM17-10841,sample,STP1710.7 pilot,UHM17
UHM17-22401.mzML,-0.03802399203787483,-0.008876423307026158,0.0024955080917054224,0.01862217576246318,0.01197299593100465,UHM17-22401,sample,STP1710.7 pilot,UHM17
UHM17-22403.mzML,-0.1160440006305969,0.043800949050816454,-0.012701138168264665,-0.10600330854491594,-0.03042542400255061,UHM17-22403,sample,STP1710.7 pilot,UHM17
UHM18-10842.mzML,0.37605235687303307,-0.004882487656233234,0.2850829500551475,-0.1569455783069886,-0.07188275964680944,UHM18-10842,sample,STP1717.1 pilot,UHM18
UHM18-22438.mzML,-0.044358920240943706,-0.03285676239766636,-0.0307560321389119,-0.06509760869335503,0.057587777945051224,UHM18-22438,sample,STP1717.1 pilot,UHM18
UHM18-22440.mzML,-0.04993193703279406,-0.007849898312845821,-0.009810327399711211,-0.05679439850086334,0.025592413013089937,UHM18-22440,sample,STP1717.1 pilot,UHM18
UHM20-10843.mzML,-0.04529449589746361,0.06652808823962766,0.13369218154476553,0.07162094505842918,-0.012746753562556381,UHM20-10843,sample,STP1710.7 pilot,UHM20
UHM20-22442.mzML,0.0168108015966497,-0.07501995080649597,-0.048064563834227525,0.0029622334982798725,0.06811240727310645,UHM20-22442,sample,STP1710.7 pilot,UHM20
UHM20-22444.mzML,-0.032373537328175654,-0.06006655994773565,-0.07193686173645791,-0.07042889026194107,0.06151008463662189,UHM20-22444,sample,STP1710.7 pilot,UHM20
UHM22-22456.mzML,-0.08964810843873026,-0.009768590330675378,-0.03642874244063868,0.006427608854984658,0.06540854210461115,UHM22-22456,sample,control,UHM22
UHM22-22458.mzML,-0.05453148899477874,-0.044648865517930646,-0.01860372797398086,0.04028453040568428,0.048428502339852034,UHM22-22458,sample,control,UHM22
UHM22-22460.mzML,-0.10758616131088872,0.010693477403323557,-0.012539641206089176,-0.054499876767579544,-0.006540454296202149,UHM22-22460,sample,control,UHM22
UHM27-10844.mzML,-0.022367714733309743,-0.004377537505609967,0.1284728477394365,0.10346106012441415,0.01722498801780906,UHM27-10844,sample,control,UHM27
UHM31-10845.mzML,-0.10893497455779005,0.054101309587752354,0.12041218461275387,0.03997343280306572,-0.021014901068221816,UHM31-10845,sample,STP1717.1 pilot,UHM31
UHM31-22462.mzML,-0.01362641676161755,-0.05908958139458398,-0.03703855720790206,-0.0490700559674734,0.0563996167535408,UHM31-22462,sample,STP1717.1 pilot,UHM31
UHM31-22464.mzML,-0.06818869096963737,0.07090803949665676,-0.13577385710002995,-0.03072903263947206,-0.21456351798892148,UHM31-22464,sample,STP1717.1 pilot,UHM31
UHM33-10846.mzML,-0.013657771894554452,0.03115263163980476,0.10578377853701217,0.11477000846450902,0.012909241811816104,UHM33-10846,sample,STP1717.1 pilot,UHM33
UHM36-10847.mzML,-0.07265866888111552,0.032286484228190276,0.1465808032375979,0.034030934893119216,-0.015808110086692043,UHM36-10847,sample,control,UHM36
UHM36-22406.mzML,-0.04591545703108322,-0.06028910400887898,-0.01883847395693621,0.05201962721318677,0.06468919043285752,UHM36-22406,sample,control,UHM36
UHM36-22408.mzML,-0.04767381290847812,-0.06477540220572625,-0.03615220290491833,0.06046853309349249,0.050743078690612384,UHM36-22408,sample,control,UHM36
UHM38-10848.mzML,-0.013338110347463355,-0.0013225199596877302,0.1520671445495492,0.016008071035497316,0.006482596359145149,UHM38-10848,sample,control,UHM38
UHM38-22418.mzML,0.017297743968222742,-0.07612103561463858,-0.010231561005083545,-0.04485801819915892,0.06513686875378631,UHM38-22418,sample,control,UHM38
UHM38-22420.mzML,-0.10564908604176396,0.008003944579461793,-0.004723646570246278,-0.08339196916986591,0.0003286689050255856,UHM38-22420,sample,control,UHM38
UHM40-10849.mzML,0.034034348154562646,-0.0006700854071313263,0.13062316029969442,0.03484527270345801,0.020483835454741865,UHM40-10849,sample,STP1717.1 pilot,UHM40
UHM40-22410.mzML,-0.05875166204204019,-0.05049484205520312,-0.022559827811272477,0.03172085955195642,0.0438330461441609,UHM40-22410,sample,STP1717.1 pilot,UHM40
UHM40-22412.mzML,-0.0036872109259299727,-0.08141694412042084,-0.03716226022979138,0.0010162163849804734,0.05342693753866669,UHM40-22412,sample,STP1717.1 pilot,UHM40
UHM41-10850.mzML,-0.013214506269263605,-0.03757541647648315,0.08069697768909778,0.1301513446013879,0.03780097309536477,UHM41-10850,sample,STP1710.7 pilot,UHM41
UHM41-22466.mzML,0.020277032276632377,-0.051887301841881485,-0.07619285410209549,-0.01370902146153598,0.09464517875463321,UHM41-22466,sample,STP1710.7 pilot,UHM41
UHM41-22468.mzML,0.006399564496279917,-0.07158472717197117,-0.027962384116630275,-0.07072507676771267,0.026414505438145334,UHM41-22468,sample,STP1710.7 pilot,UHM41
UHM43-10851.mzML,-0.09651801926305591,0.11530610611465623,0.13317575812821453,0.020339835782524237,-0.04764234486149099,UHM43-10851,sample,control,UHM43
UHM44-10852.mzML,-0.0026859191787677213,-0.017235275341707396,0.13111896461068034,0.056133800032126036,0.004285278070368738,UHM44-10852,sample,STP1717.1 pilot,UHM44
UHM45-10853.mzML,-0.10802582914432686,0.07100525955659254,0.127603763008568,-0.027177549944017974,-0.05263878795245101,UHM45-10853,sample,STP1710.7 pilot,UHM45
UHM45-22434.mzML,0.03727038798207783,-0.0916877824593205,-0.04859718368945907,-0.04217572132246004,0.023695498121325403,UHM45-22434,sample,STP1710.7 pilot,UHM45
UHM45-22436.mzML,-0.08642727748996812,0.004173042077214857,-0.009874890549030325,-0.082428168407503,-0.011701263440283249,UHM45-22436,sample,STP1710.7 pilot,UHM45
UHM56-10854.mzML,-0.04779646315551179,0.08610987661909665,0.1007117046490694,0.10296112234066834,-0.016356048990557856,UHM56-10854,sample,control,UHM56
UHM56-22414.mzML,-0.016220727607434832,-0.03511988723752071,-0.07073655285432277,0.01051083377663157,0.019457884813784538,UHM56-22414,sample,control,UHM56
UHM56-22416.mzML,-0.13497695619209066,0.09598630054999088,-0.021046418809223255,-0.18942825345294995,-0.06434264784809775,UHM56-22416,sample,control,UHM56
UHM72-22446.mzML,-0.05235935308897956,-0.05329494374832726,-0.01351605574684859,0.02641343292421781,0.04882248565439024,UHM72-22446,sample,control,UHM72
UHM72-22448.mzML,-0.04148160334349674,-0.03941541369127185,-0.03362908096535871,-0.0452320812033681,0.01634026526904179,UHM72-22448,sample,control,UHM72
UHM72-22470.mzML,-0.06339646936964694,-0.017871025324198663,-0.061479592119094977,-0.039105280178493566,-0.031160592688798026,UHM72-22470,sample,control,UHM72
