filename	file_size_MB	spectrum_count	relative_path
UHM40-10849_MS1.mzML	14.53	2407	MSV000095549/updates/2024-08-21_georgefneuhaus_fc571881/raw/MS1_Only/UHM40-10849_MS1.mzML
UHM36-22406_MS1.mzML	18.53	3439	MSV000095549/updates/2024-08-21_georgefneuhaus_fc571881/raw/MS1_Only/UHM36-22406_MS1.mzML
Blank-withIS_3_MS1.mzML	22.85	4956	MSV000095549/updates/2024-08-21_georgefneuhaus_fc571881/raw/MS1_Only/Blank-withIS_3_MS1.mzML
UHM145-22422_MS1.mzML	14.66	2500	MSV000095549/updates/2024-08-21_georgefneuhaus_fc571881/raw/MS1_Only/UHM145-22422_MS1.mzML
UHM102-22450_MS1.mzML	11.95	1871	MSV000095549/updates/2024-08-21_georgefneuhaus_fc571881/raw/MS1_Only/UHM102-22450_MS1.mzML
UHM20-22442_MS1.mzML	15.05	2682	MSV000095549/updates/2024-08-21_georgefneuhaus_fc571881/raw/MS1_Only/UHM20-22442_MS1.mzML
UHM18-22440_MS1.mzML	12.92	1954	MSV000095549/updates/2024-08-21_georgefneuhaus_fc571881/raw/MS1_Only/UHM18-22440_MS1.mzML
BE2_MS1.mzML	19.20	3800	MSV000095549/updates/2024-08-21_georgefneuhaus_fc571881/raw/MS1_Only/BE2_MS1.mzML
UHM72-22446_MS1.mzML	12.34	1672	MSV000095549/updates/2024-08-21_georgefneuhaus_fc571881/raw/MS1_Only/UHM72-22446_MS1.mzML
UHM17-22403_MS1.mzML	12.28	1562	MSV000095549/updates/2024-08-21_georgefneuhaus_fc571881/raw/MS1_Only/UHM17-22403_MS1.mzML
UHM18-22438_MS1.mzML	14.88	2484	MSV000095549/updates/2024-08-21_georgefneuhaus_fc571881/raw/MS1_Only/UHM18-22438_MS1.mzML
UHM56-22414_MS1.mzML	16.44	2935	MSV000095549/updates/2024-08-21_georgefneuhaus_fc571881/raw/MS1_Only/UHM56-22414_MS1.mzML
UHM38-22420_MS1.mzML	12.45	1703	MSV000095549/updates/2024-08-21_georgefneuhaus_fc571881/raw/MS1_Only/UHM38-22420_MS1.mzML
UHM40-22410_MS1.mzML	14.07	2205	MSV000095549/updates/2024-08-21_georgefneuhaus_fc571881/raw/MS1_Only/UHM40-22410_MS1.mzML
UHM38-10848_MS1.mzML	14.16	2384	MSV000095549/updates/2024-08-21_georgefneuhaus_fc571881/raw/MS1_Only/UHM38-10848_MS1.mzML
UHM36-22408_MS1.mzML	21.31	3956	MSV000095549/updates/2024-08-21_georgefneuhaus_fc571881/raw/MS1_Only/UHM36-22408_MS1.mzML
UHM72-22470_MS1.mzML	11.89	1658	MSV000095549/updates/2024-08-21_georgefneuhaus_fc571881/raw/MS1_Only/UHM72-22470_MS1.mzML
Blank-withIS_2_MS1.mzML	23.21	5073	MSV000095549/updates/2024-08-21_georgefneuhaus_fc571881/raw/MS1_Only/Blank-withIS_2_MS1.mzML
UHM20-22444_MS1.mzML	15.11	2710	MSV000095549/updates/2024-08-21_georgefneuhaus_fc571881/raw/MS1_Only/UHM20-22444_MS1.mzML
UHM125-22430_MS1.mzML	13.18	2070	MSV000095549/updates/2024-08-21_georgefneuhaus_fc571881/raw/MS1_Only/UHM125-22430_MS1.mzML
UHM27-10844_MS1.mzML	13.85	2358	MSV000095549/updates/2024-08-21_georgefneuhaus_fc571881/raw/MS1_Only/UHM27-10844_MS1.mzML
UHM145-22424_MS1.mzML	13.75	1455	MSV000095549/updates/2024-08-21_georgefneuhaus_fc571881/raw/MS1_Only/UHM145-22424_MS1.mzML
UHM20-10843_MS1.mzML	12.15	1719	MSV000095549/updates/2024-08-21_georgefneuhaus_fc571881/raw/MS1_Only/UHM20-10843_MS1.mzML
UHM36-10847_MS1.mzML	12.96	1989	MSV000095549/updates/2024-08-21_georgefneuhaus_fc571881/raw/MS1_Only/UHM36-10847_MS1.mzML
UHM72-22448_MS1.mzML	13.77	2110	MSV000095549/updates/2024-08-21_georgefneuhaus_fc571881/raw/MS1_Only/UHM72-22448_MS1.mzML
BE3_MS1.mzML	19.61	3843	MSV000095549/updates/2024-08-21_georgefneuhaus_fc571881/raw/MS1_Only/BE3_MS1.mzML
UHM45-22436_MS1.mzML	13.43	1747	MSV000095549/updates/2024-08-21_georgefneuhaus_fc571881/raw/MS1_Only/UHM45-22436_MS1.mzML
UHM44-10852_MS1.mzML	16.50	2877	MSV000095549/updates/2024-08-21_georgefneuhaus_fc571881/raw/MS1_Only/UHM44-10852_MS1.mzML
UHM33-10846_MS1.mzML	17.73	3261	MSV000095549/updates/2024-08-21_georgefneuhaus_fc571881/raw/MS1_Only/UHM33-10846_MS1.mzML
UHM56-10854_MS1.mzML	14.61	2409	MSV000095549/updates/2024-08-21_georgefneuhaus_fc571881/raw/MS1_Only/UHM56-10854_MS1.mzML
UHM38-22418_MS1.mzML	14.39	2497	MSV000095549/updates/2024-08-21_georgefneuhaus_fc571881/raw/MS1_Only/UHM38-22418_MS1.mzML
UHM125-22428_MS1.mzML	13.73	2086	MSV000095549/updates/2024-08-21_georgefneuhaus_fc571881/raw/MS1_Only/UHM125-22428_MS1.mzML
UHM102-22452_MS1.mzML	11.87	1516	MSV000095549/updates/2024-08-21_georgefneuhaus_fc571881/raw/MS1_Only/UHM102-22452_MS1.mzML
UHM31-22464_MS1.mzML	12.13	1470	MSV000095549/updates/2024-08-21_georgefneuhaus_fc571881/raw/MS1_Only/UHM31-22464_MS1.mzML
UHM17-22401_MS1.mzML	13.49	2076	MSV000095549/updates/2024-08-21_georgefneuhaus_fc571881/raw/MS1_Only/UHM17-22401_MS1.mzML
UHM43-10851_MS1.mzML	11.94	1491	MSV000095549/updates/2024-08-21_georgefneuhaus_fc571881/raw/MS1_Only/UHM43-10851_MS1.mzML
UHM41-10850_MS1.mzML	21.30	4151	MSV000095549/updates/2024-08-21_georgefneuhaus_fc571881/raw/MS1_Only/UHM41-10850_MS1.mzML
UHM18-10842_MS1.mzML	15.13	2239	MSV000095549/updates/2024-08-21_georgefneuhaus_fc571881/raw/MS1_Only/UHM18-10842_MS1.mzML
UHM22-22456_MS1.mzML	16.38	2924	MSV000095549/updates/2024-08-21_georgefneuhaus_fc571881/raw/MS1_Only/UHM22-22456_MS1.mzML
UHM17-10841_MS1.mzML	12.19	1971	MSV000095549/updates/2024-08-21_georgefneuhaus_fc571881/raw/MS1_Only/UHM17-10841_MS1.mzML
Blank-withIS_1_MS1.mzML	23.36	4827	MSV000095549/updates/2024-08-21_georgefneuhaus_fc571881/raw/MS1_Only/Blank-withIS_1_MS1.mzML
UHM41-22468_MS1.mzML	13.32	2100	MSV000095549/updates/2024-08-21_georgefneuhaus_fc571881/raw/MS1_Only/UHM41-22468_MS1.mzML
Blank_MeOH_MS1.mzML	29.47	5961	MSV000095549/updates/2024-08-21_georgefneuhaus_fc571881/raw/MS1_Only/Blank_MeOH_MS1.mzML
UHM102-10855_MS1.mzML	12.51	1990	MSV000095549/updates/2024-08-21_georgefneuhaus_fc571881/raw/MS1_Only/UHM102-10855_MS1.mzML
BE1_MS1.mzML	19.25	3586	MSV000095549/updates/2024-08-21_georgefneuhaus_fc571881/raw/MS1_Only/BE1_MS1.mzML
UHM45-10853_MS1.mzML	13.23	1561	MSV000095549/updates/2024-08-21_georgefneuhaus_fc571881/raw/MS1_Only/UHM45-10853_MS1.mzML
UHM22-22460_MS1.mzML	12.61	1725	MSV000095549/updates/2024-08-21_georgefneuhaus_fc571881/raw/MS1_Only/UHM22-22460_MS1.mzML
UHM145-22426_MS1.mzML	12.72	1663	MSV000095549/updates/2024-08-21_georgefneuhaus_fc571881/raw/MS1_Only/UHM145-22426_MS1.mzML
UHM45-22434_MS1.mzML	15.16	2561	MSV000095549/updates/2024-08-21_georgefneuhaus_fc571881/raw/MS1_Only/UHM45-22434_MS1.mzML
UHM31-10845_MS1.mzML	13.03	1842	MSV000095549/updates/2024-08-21_georgefneuhaus_fc571881/raw/MS1_Only/UHM31-10845_MS1.mzML
UHM40-22412_MS1.mzML	16.70	3056	MSV000095549/updates/2024-08-21_georgefneuhaus_fc571881/raw/MS1_Only/UHM40-22412_MS1.mzML
UHM41-22466_MS1.mzML	17.94	3548	MSV000095549/updates/2024-08-21_georgefneuhaus_fc571881/raw/MS1_Only/UHM41-22466_MS1.mzML
UHM56-22416_MS1.mzML	13.86	1455	MSV000095549/updates/2024-08-21_georgefneuhaus_fc571881/raw/MS1_Only/UHM56-22416_MS1.mzML
UHM22-22458_MS1.mzML	15.03	2553	MSV000095549/updates/2024-08-21_georgefneuhaus_fc571881/raw/MS1_Only/UHM22-22458_MS1.mzML
UHM102-22454_MS1.mzML	12.31	1572	MSV000095549/updates/2024-08-21_georgefneuhaus_fc571881/raw/MS1_Only/UHM102-22454_MS1.mzML
UHM31-22462_MS1.mzML	14.55	2372	MSV000095549/updates/2024-08-21_georgefneuhaus_fc571881/raw/MS1_Only/UHM31-22462_MS1.mzML
UHM125-22432_MS1.mzML	12.74	1632	MSV000095549/updates/2024-08-21_georgefneuhaus_fc571881/raw/MS1_Only/UHM125-22432_MS1.mzML
UHM17-22401.mzML	81.64	15420	MSV000095549/raw/UHM17-22401.mzML
UHM45-22436.mzML	84.00	15520	MSV000095549/raw/UHM45-22436.mzML
BE3.mzML	79.80	15495	MSV000095549/raw/BE3.mzML
UHM22-22460.mzML	82.52	15525	MSV000095549/raw/UHM22-22460.mzML
UHM41-22466.mzML	76.19	15346	MSV000095549/raw/UHM41-22466.mzML
UHM56-22416.mzML	89.30	15750	MSV000095549/raw/UHM56-22416.mzML
UHM145-22424.mzML	88.38	15751	MSV000095549/raw/UHM145-22424.mzML
UHM102-10855.mzML	81.43	15528	MSV000095549/raw/UHM102-10855.mzML
Blank-withIS_2.mzML	73.88	15519	MSV000095549/raw/Blank-withIS_2.mzML
UHM40-22412.mzML	77.90	15330	MSV000095549/raw/UHM40-22412.mzML
UHM72-22446.mzML	81.18	15535	MSV000095549/raw/UHM72-22446.mzML
UHM20-22444.mzML	78.30	15358	MSV000095549/raw/UHM20-22444.mzML
BE2.mzML	76.72	15440	MSV000095549/raw/BE2.mzML
UHM45-10853.mzML	86.68	15667	MSV000095549/raw/UHM45-10853.mzML
UHM31-22464.mzML	86.69	15696	MSV000095549/raw/UHM31-22464.mzML
UHM18-10842.mzML	79.47	15328	MSV000095549/raw/UHM18-10842.mzML
Blank-withIS_3.mzML	74.91	15537	MSV000095549/raw/Blank-withIS_3.mzML
Blank_MeOH.mzML	74.36	15267	MSV000095549/raw/Blank_MeOH.mzML
UHM43-10851.mzML	84.87	15672	MSV000095549/raw/UHM43-10851.mzML
UHM17-10841.mzML	80.65	15525	MSV000095549/raw/UHM17-10841.mzML
UHM18-22440.mzML	80.21	15436	MSV000095549/raw/UHM18-22440.mzML
UHM20-10843.mzML	81.98	15499	MSV000095549/raw/UHM20-10843.mzML
UHM22-22458.mzML	78.87	15375	MSV000095549/raw/UHM22-22458.mzML
UHM33-10846.mzML	78.73	15297	MSV000095549/raw/UHM33-10846.mzML
UHM102-22452.mzML	83.61	15664	MSV000095549/raw/UHM102-22452.mzML
UHM41-10850.mzML	78.25	15467	MSV000095549/raw/UHM41-10850.mzML
UHM36-10847.mzML	80.61	15450	MSV000095549/raw/UHM36-10847.mzML
UHM125-22428.mzML	80.22	15400	MSV000095549/raw/UHM125-22428.mzML
UHM36-22406.mzML	77.72	15385	MSV000095549/raw/UHM36-22406.mzML
UHM125-22430.mzML	80.04	15373	MSV000095549/raw/UHM125-22430.mzML
UHM31-10845.mzML	81.63	15409	MSV000095549/raw/UHM31-10845.mzML
UHM38-22420.mzML	82.45	15566	MSV000095549/raw/UHM38-22420.mzML
UHM36-22408.mzML	79.36	15471	MSV000095549/raw/UHM36-22408.mzML
UHM38-10848.mzML	79.44	15332	MSV000095549/raw/UHM38-10848.mzML
UHM56-10854.mzML	80.80	15336	MSV000095549/raw/UHM56-10854.mzML
UHM72-22470.mzML	81.67	15542	MSV000095549/raw/UHM72-22470.mzML
Blank-withIS_1.mzML	77.98	15589	MSV000095549/raw/Blank-withIS_1.mzML
UHM22-22456.mzML	78.18	15347	MSV000095549/raw/UHM22-22456.mzML
UHM31-22462.mzML	79.06	15317	MSV000095549/raw/UHM31-22462.mzML
UHM18-22438.mzML	79.55	15338	MSV000095549/raw/UHM18-22438.mzML
UHM102-22450.mzML	79.87	15431	MSV000095549/raw/UHM102-22450.mzML
UHM102-22454.mzML	83.90	15633	MSV000095549/raw/UHM102-22454.mzML
UHM125-22432.mzML	85.05	15600	MSV000095549/raw/UHM125-22432.mzML
UHM72-22448.mzML	80.75	15361	MSV000095549/raw/UHM72-22448.mzML
UHM17-22403.mzML	84.14	15643	MSV000095549/raw/UHM17-22403.mzML
UHM44-10852.mzML	79.11	15333	MSV000095549/raw/UHM44-10852.mzML
UHM38-22418.mzML	77.54	15280	MSV000095549/raw/UHM38-22418.mzML
UHM41-22468.mzML	79.04	15375	MSV000095549/raw/UHM41-22468.mzML
UHM45-22434.mzML	78.12	15337	MSV000095549/raw/UHM45-22434.mzML
UHM27-10844.mzML	79.18	15363	MSV000095549/raw/UHM27-10844.mzML
UHM145-22422.mzML	78.72	15346	MSV000095549/raw/UHM145-22422.mzML
BE1.mzML	80.38	15480	MSV000095549/raw/BE1.mzML
UHM20-22442.mzML	78.55	15336	MSV000095549/raw/UHM20-22442.mzML
UHM56-22414.mzML	78.56	15351	MSV000095549/raw/UHM56-22414.mzML
UHM145-22426.mzML	84.51	15595	MSV000095549/raw/UHM145-22426.mzML
UHM40-10849.mzML	79.55	15301	MSV000095549/raw/UHM40-10849.mzML
UHM40-22410.mzML	79.96	15391	MSV000095549/raw/UHM40-22410.mzML
