CLUSTERID1	CLUSTERID2	DeltaMZ	Cosine	ComponentIndex
1	2	-28.031	0.9438	1
1	6	28.035	0.9222	1
1	9	-396.406	0.9507	1
1	139	-15.969	0.9555	1
1	179	-44.001	0.9187	1
179	254	-28.030	0.9186	1
179	926	-56.061	0.8832	1
254	926	-28.031	0.8693	1
19	33	-26.015	0.9436	1
19	44	-56.061	0.9492	1
19	57	-26.014	0.938	1
19	58	-28.029	0.9628	1
19	78	-452.468	0.9539	1
19	254	-15.974	0.9431	1
78	2929	455.483	0.9148	1
58	457	14.016	0.9244	1
32	58	480.504	0.949	1
57	138	-28.031	0.9645	1
57	149	-28.031	0.959	1
57	201	-478.485	0.9407	1
57	349	28.032	0.9378	1
57	384	-478.485	0.9158	1
57	465	28.033	0.9302	1
465	703	28.031	0.8793	1
8	127	28.035	0.9612	1
8	568	-42.043	0.9278	1
8	703	-82.074	0.8832	1
428	465	-28.031	0.8888	1
428	703	0.000	0.8814	1
349	428	28.032	0.9076	1
349	465	0.001	0.9249	1
349	703	28.032	0.8968	1
201	384	0.000	0.9554	1
149	349	56.063	0.9216	1
149	465	56.064	0.913	1
149	703	84.095	0.8937	1
138	149	-0.000	0.9602	1
138	349	56.063	0.9294	1
138	465	56.064	0.9221	1
138	703	84.095	0.8995	1
44	58	28.032	0.9684	1
44	233	-508.532	0.9607	1
44	821	0.997	0.9772	1
821	7975	184.182	0.9061	1
7530	7975	-0.037	0.962	1
7499	7530	388.376	0.8914	1
4	10	-28.029	0.9843	1
4	29	-56.057	0.9796	1
4	48	28.038	0.9735	1
4	52	56.070	0.9526	1
4	81	-56.056	0.9702	1
4	141	-28.026	0.97	1
4	142	-84.088	0.9601	1
4	144	-84.088	0.9554	1
4	7530	1.039	0.9549	1
144	210	-57.082	0.953	1
210	255	29.052	0.9504	1
210	640	1.021	0.9509	1
640	697	-1.021	0.9113	1
640	1148	68.184	0.9062	1
96	210	56.062	0.9633	1
96	213	-136.689	0.9621	1
96	270	-183.857	0.9551	1
269	270	200.896	0.9579	1
269	305	-33.318	0.9542	1
269	1134	-884.356	0.9565	1
172	649	264.058	0.9571	1
172	1134	-537.961	0.9234	1
649	791	-273.906	0.9209	1
30	172	-515.983	0.9679	1
30	649	-251.925	0.954	1
34	145	28.033	0.953	1
34	305	-28.029	0.9419	1
34	348	30.049	0.9361	1
145	269	-22.744	0.9538	1
145	305	-56.062	0.9489	1
234	270	-63.163	0.9623	1
119	141	83.803	0.9589	1
119	208	-70.077	0.9613	1
119	234	-206.098	0.961	1
119	419	28.018	0.9558	1
187	208	-149.042	0.9554	1
187	419	-50.946	0.9484	1
113	119	-38.848	0.9575	1
113	208	-108.925	0.956	1
87	113	-0.105	0.9662	1
87	116	-375.253	0.9829	1
87	119	-38.952	0.9728	1
87	141	44.851	0.9677	1
87	187	40.012	0.9624	1
87	208	-109.030	0.9665	1
87	419	-10.934	0.9633	1
116	204	21.982	0.9766	1
108	204	-358.226	0.9676	1
108	902	93.981	0.9122	1
374	595	-1.980	0.9226	1
374	902	236.251	0.8749	1
3	108	-17.020	0.9081	1
3	3237	2.022	0.8722	1
133	213	209.220	0.9618	1
133	229	202.974	0.955	1
133	269	-38.845	0.9616	1
133	270	162.051	0.9633	1
101	133	-15.994	0.966	1
101	213	193.225	0.9642	1
101	229	186.979	0.9526	1
101	234	209.219	0.9626	1
101	269	-54.839	0.9622	1
101	270	146.057	0.9617	1
101	305	-88.157	0.9538	1
101	5491	2.017	0.9528	1
5491	10478	146.060	0.9003	1
8797	10478	-251.119	0.8862	1
4940	5491	15.988	0.9028	1
4940	10478	162.048	0.8716	1
213	234	15.994	0.9688	1
213	270	-47.169	0.9647	1
213	298	-636.300	0.9654	1
298	2921	636.298	0.8966	1
94	96	245.999	0.9625	1
94	101	-83.915	0.9645	1
94	133	-99.910	0.9628	1
94	213	109.310	0.9658	1
94	229	103.064	0.9594	1
94	234	125.304	0.9637	1
94	269	-138.755	0.9649	1
94	270	62.141	0.9617	1
39	74	359.952	0.9586	1
39	94	85.922	0.9725	1
39	96	331.920	0.96	1
39	101	2.006	0.9686	1
39	133	-13.988	0.9668	1
39	145	-30.089	0.9581	1
39	213	195.232	0.9634	1
39	234	211.226	0.9622	1
39	269	-52.833	0.9694	1
39	270	148.063	0.9628	1
74	81	113.145	0.9689	1
74	94	-274.030	0.9622	1
74	96	-28.031	0.9752	1
74	210	28.031	0.9682	1
74	213	-164.720	0.9618	1
74	234	-148.726	0.9613	1
74	270	-211.889	0.9587	1
142	144	-0.000	0.9585	1
141	142	-56.062	0.9627	1
141	144	-56.062	0.9655	1
81	87	-16.820	0.9741	1
81	96	-141.176	0.9633	1
81	119	-55.773	0.9669	1
81	141	28.030	0.9732	1
81	142	-28.031	0.9644	1
81	144	-28.031	0.9688	1
52	223	-0.000	0.9358	1
52	415	-43.990	0.919	1
48	52	28.031	0.9689	1
48	141	-56.064	0.9662	1
48	142	-112.126	0.9526	1
48	223	28.031	0.9468	1
29	48	84.095	0.9705	1
29	74	-113.144	0.9671	1
29	81	0.001	0.9798	1
29	87	-16.819	0.9728	1
29	119	-55.772	0.9657	1
29	141	28.031	0.979	1
29	142	-28.030	0.9727	1
29	144	-28.031	0.9665	1
10	29	-28.028	0.9894	1
10	48	56.067	0.9763	1
10	74	-141.172	0.9648	1
10	81	-28.027	0.9777	1
10	87	-44.848	0.9678	1
10	119	-83.800	0.9615	1
10	141	0.003	0.9792	1
10	142	-56.059	0.9706	1
10	144	-56.059	0.9675	1
4765	7530	361.358	0.9019	1
4765	7975	361.320	0.8937	1
267	821	0.995	0.9125	1
233	267	508.534	0.8935	1
233	821	509.529	0.9711	1
33	57	0.001	0.9785	1
33	138	-28.030	0.9644	1
33	149	-28.030	0.9606	1
33	201	-478.484	0.9441	1
33	349	28.033	0.9407	1
33	465	28.034	0.9322	1
17	19	452.472	0.9453	1
7	19	28.034	0.9726	1
7	32	-480.499	0.966	1
7	44	-28.027	0.968	1
7	58	0.005	0.9803	1
7	254	12.059	0.9322	1
5	6	84.095	0.9473	1
5	7	-28.030	0.9738	1
5	17	-452.468	0.9628	1
5	19	0.004	0.9831	1
5	33	-26.011	0.9452	1
5	57	-26.010	0.9395	1
5	58	-28.025	0.9513	1
5	78	-452.464	0.9365	1
5	254	-15.971	0.9504	1
139	179	-28.032	0.8738	1
6	7	-112.125	0.9229	1
6	8	28.033	0.9441	1
6	33	-110.106	0.9218	1
6	127	56.068	0.9126	1
6	568	-14.010	0.9331	1
2	5	-28.030	0.9667	1
2	6	56.066	0.948	1
2	8	84.098	0.9516	1
2	11	-424.435	0.9619	1
2	19	-28.026	0.9524	1
2	33	-54.041	0.9615	1
2	57	-54.040	0.9539	1
2	149	-82.071	0.9477	1
2	179	-15.970	0.962	1
43	311	28.033	0.9432	2
43	557	56.066	0.8757	2
90	375	28.032	0.9589	4
90	463	42.047	0.9524	4
463	3706	14.016	0.8775	4
1130	3706	14.015	0.8456	4
404	1130	-28.031	0.8389	4
404	3706	-14.016	0.83	4
176	404	-3.993	0.8147	4
111	176	-28.032	0.9094	4
155	176	3.994	0.8231	4
155	375	-42.047	0.9222	4
155	404	0.001	0.8152	4
155	463	-28.031	0.9263	4
155	1130	-28.030	0.856	4
155	3706	-14.015	0.8882	4
20	155	-14.014	0.9539	4
20	176	-10.020	0.8483	4
20	375	-56.061	0.9261	4
20	463	-42.045	0.937	4
20	1130	-42.044	0.8866	4
20	2054	2.017	0.9527	4
20	3706	-28.029	0.9084	4
20	6081	1.015	0.9647	4
2054	6081	-1.002	0.9529	4
375	463	14.016	0.9507	4
180	704	-237.965	0.9359	5
188	218	-28.031	0.9417	7
188	292	28.031	0.937	7
292	302	0.012	0.9245	7
212	1067	-14.016	0.8959	8
212	1581	-819.549	0.9015	8
244	326	-28.031	0.9478	9
287	326	42.011	0.9398	9
131	244	-0.016	0.9581	9
131	290	0.001	0.8552	9
131	4705	-187.867	0.7588	9
131	12531	-115.926	0.783	9
308	486	-28.032	0.8265	13
362	531	-45.909	0.9459	19
363	778	2.017	0.9348	20
466	469	-0.000	0.9499	29
491	506	-2.015	0.8695	32
747	2043	-28.032	0.9193	49
774	6209	0.092	0.9356	50
6138	6209	106.251	0.9017	50
2368	6138	0.011	0.8308	50
4878	4956	113.137	0.9027	50
4878	6138	-28.029	0.9131	50
4878	6209	78.222	0.9189	50
1311	4878	868.447	0.9148	50
835	3541	12.039	0.7632	52
835	3570	-0.001	0.8172	52
3541	3570	-12.040	0.7542	52
719	835	1.020	0.7269	52
719	2061	0.001	0.7578	52
719	4934	2.017	0.7314	52
2408	7587	-396.369	0.8984	95
36	2164	-21.976	0.8771	111
36	2701	-21.979	0.8791	111
2164	2701	-0.002	0.8677	111
206	487	-0.003	0.9331	112
206	1352	2.015	0.8801	112
333	1352	-2.016	0.8582	112
391	500	-42.009	0.9377	117
391	523	-92.001	0.9289	117
391	717	-49.990	0.9276	117
391	1243	42.014	0.9423	117
391	1521	-56.024	0.9236	117
1243	1521	-98.038	0.9099	117
1243	1572	-17.967	0.901	117
1243	3758	-140.084	0.8981	117
1572	1764	-166.041	0.8989	117
1572	1801	-250.061	0.904	117
1572	3121	-56.026	0.8954	117
3121	3943	-200.142	0.8675	117
2364	3121	35.978	0.8792	117
2364	6647	-17.966	0.8752	117
1801	3744	-49.993	0.8877	117
1801	4746	232.095	0.8845	117
1801	5488	102.033	0.8893	117
1801	5860	24.045	0.8938	117
4707	5488	35.979	0.862	117
4707	5860	-42.009	0.8625	117
5488	5860	-77.988	0.8583	117
3744	4707	116.048	0.8628	117
3744	5860	74.038	0.8568	117
1764	1801	-84.020	0.9007	117
1764	2364	74.037	0.8796	117
1764	3121	110.015	0.8788	117
1764	5488	18.013	0.882	117
1224	1572	208.050	0.9222	117
1224	1764	42.010	0.9156	117
1224	1801	-42.011	0.9158	117
1224	2364	116.047	0.8973	117
1224	3121	152.025	0.8985	117
1224	3744	-92.004	0.8926	117
1224	4746	190.084	0.8952	117
779	1224	-49.991	0.9238	117
779	1243	176.026	0.9013	117
779	1572	158.059	0.924	117
779	1764	-7.982	0.9061	117
779	1801	-92.002	0.9141	117
779	2364	66.055	0.8952	117
717	779	-84.022	0.9327	117
717	1224	-134.014	0.934	117
717	1243	92.004	0.9139	117
717	1572	74.037	0.9319	117
717	1764	-92.004	0.9253	117
717	1801	-176.024	0.9215	117
717	2364	-17.967	0.9125	117
523	717	42.011	0.9488	117
523	779	-42.011	0.9339	117
523	1224	-92.002	0.9298	117
523	1243	134.016	0.9128	117
523	1572	116.048	0.9327	117
523	1764	-49.993	0.9154	117
523	1801	-134.013	0.9243	117
523	2364	24.044	0.9044	117
500	523	-49.992	0.9236	117
500	717	-7.981	0.9236	117
500	779	-92.003	0.907	117
500	1243	84.023	0.9168	117
500	1521	-14.014	0.9169	117
500	1572	66.056	0.9093	117
478	581	28.028	0.9295	119
478	2131	2.015	0.8877	119
478	2762	26.016	0.8954	119
2131	2762	24.001	0.8463	119
581	2131	-26.013	0.877	119
581	2762	-2.012	0.8914	119
668	2041	-191.057	0.8836	125
668	8477	-577.205	0.8919	125
711	1430	-28.031	0.8042	127
237	3592	-238.229	0.7601	221
237	6253	0.001	0.7382	221
394	745	0.001	0.8467	222
412	509	-0.001	0.9238	224
412	1020	-0.001	0.9079	224
412	1420	-14.017	0.8739	224
412	1750	-14.016	0.8933	224
1420	1750	0.000	0.8269	224
1020	1420	-14.016	0.8609	224
1020	1750	-14.015	0.8647	224
509	1020	0.000	0.9058	224
509	1420	-14.015	0.8706	224
509	1750	-14.015	0.8697	224
530	888	0.001	0.8631	226
530	2851	0.001	0.845	226
1039	1169	-13.980	0.8133	226
1039	1871	-28.030	0.8201	226
1039	2787	-14.018	0.711	226
1039	2851	-138.142	0.8019	226
1039	3423	-56.062	0.7135	226
1392	1871	82.080	0.7704	226
1392	3423	54.048	0.7089	226
1169	1871	-14.050	0.7318	226
888	1039	138.142	0.8093	226
888	1392	28.032	0.7965	226
888	1871	110.112	0.8352	226
888	2851	0.000	0.8007	226
1004	1422	28.032	0.8539	230
1370	1675	42.048	0.769	238
1548	1675	-28.032	0.7408	238
1548	3849	-42.047	0.7029	238
1548	4047	0.001	0.731	238
414	1158	1.980	0.8178	238
414	1370	-84.094	0.7825	238
414	1548	-14.014	0.845	238
414	1675	-42.047	0.8161	238
414	3849	-56.061	0.762	238
414	4047	-14.013	0.7494	238
125	785	-28.030	0.9419	342
125	2137	-62.015	0.8664	342
125	2609	-62.015	0.8609	342
125	2675	-29.972	0.7568	342
125	5364	28.034	0.8536	342
125	6359	-15.995	0.7627	342
4943	5364	-0.062	0.7739	342
1732	2074	-12.037	0.7603	342
1732	5364	15.997	0.7821	342
2074	2077	-80.058	0.7823	342
2077	2935	-0.995	0.7496	342
2077	2988	-314.139	0.7655	342
2077	3162	15.190	0.7576	342
2077	5569	-134.878	0.8221	342
2077	8501	-19.847	0.7517	342
1462	5569	-15.996	0.7442	342
2988	5569	179.261	0.7268	342
1972	2077	269.082	0.8041	342
1972	2988	-45.057	0.7598	342
1972	5569	134.204	0.7721	342
736	1462	-116.061	0.7213	342
736	1972	-266.261	0.8441	342
736	2077	2.821	0.8364	342
736	2586	-0.107	0.7441	342
736	2988	-311.318	0.7291	342
736	5569	-132.057	0.7843	342
72	736	470.158	0.7573	342
72	2004	-45.054	0.783	342
59	72	-15.995	0.8375	342
59	732	-45.055	0.8168	342
59	736	454.163	0.7292	342
499	736	116.064	0.7909	342
499	1462	0.003	0.7739	342
499	1972	-150.197	0.7528	342
499	2077	118.885	0.8344	342
499	2988	-195.254	0.7261	342
499	5569	-15.993	0.803	342
47	499	-116.063	0.8678	342
47	736	0.001	0.8962	342
47	1462	-116.060	0.7989	342
47	1972	-266.260	0.848	342
47	2074	82.881	0.7592	342
47	2077	2.823	0.9443	342
47	2988	-311.317	0.797	342
47	3162	18.012	0.7498	342
47	5569	-132.056	0.8489	342
47	8501	-17.025	0.7755	342
2675	7333	-0.022	0.7423	342
2609	5364	90.049	0.783	342
2137	2609	-0.000	0.8388	342
785	2137	-33.985	0.8612	342
785	2609	-33.985	0.8597	342
785	5364	56.064	0.8391	342
64	125	-28.031	0.9577	342
64	785	-56.061	0.9158	342
64	1732	-15.994	0.8757	342
64	2074	-28.031	0.8261	342
64	2137	-90.046	0.8187	342
64	2609	-90.046	0.8172	342
64	4943	0.065	0.8156	342
64	5364	0.003	0.8385	342
64	6118	54.120	0.7629	342
360	1078	-73.089	0.8255	343
360	1331	85.979	0.7806	343
360	2075	0.002	0.813	343
1331	3933	-110.124	0.7259	343
988	1331	116.100	0.7319	343
28	1331	168.191	0.8676	343
28	3933	58.067	0.7656	343
1078	2075	73.091	0.7325	343
151	238	-17.025	0.859	343
151	1078	-17.026	0.8363	343
151	2864	-37.953	0.7208	343
24	151	0.002	0.9443	343
24	238	-17.023	0.8683	343
24	1078	-17.024	0.8433	343
24	2864	-37.951	0.7292	343
238	360	73.088	0.8328	343
238	1078	-0.001	0.8791	343
238	2075	73.090	0.7334	343
604	617	-28.032	0.8754	345
604	1497	-0.925	0.7455	345
604	1890	-56.062	0.7925	345
604	4155	28.031	0.734	345
1497	1759	-0.079	0.7986	345
617	1890	-28.030	0.822	345
683	1607	14.014	0.8058	348
683	1837	-14.017	0.8085	348
1607	1837	-28.031	0.7818	348
749	2102	-28.033	0.8175	350
749	2140	-0.001	0.7754	350
607	797	-54.046	0.7848	352
607	1306	-14.015	0.7701	352
607	1574	14.018	0.7608	352
1306	1574	28.033	0.738	352
1306	2111	-26.016	0.7411	352
855	1162	-0.001	0.8392	353
881	1070	-72.057	0.8387	354
753	1070	22.058	0.7996	354
753	3392	80.102	0.7575	354
1333	3392	31.076	0.7863	354
1161	1860	30.046	0.8265	358
1161	2087	-13.978	0.8312	358
1161	3214	2.016	0.8126	358
2087	3214	15.994	0.7821	358
1860	2087	-44.024	0.7986	358
1860	3214	-28.030	0.7904	358
1225	1639	-30.045	0.7535	361
1225	1748	82.078	0.7544	361
1748	3235	-28.029	0.7244	361
970	1567	56.928	0.7033	361
970	1658	-40.028	0.7495	361
970	1748	141.020	0.7365	361
970	3069	-28.029	0.718	361
635	790	-14.011	0.7091	361
635	1658	12.005	0.7508	361
635	1705	-26.010	0.7149	361
635	1794	26.020	0.7124	361
790	1015	-2.016	0.7504	361
790	1159	-2.016	0.7283	361
790	1166	-44.064	0.7341	361
790	2607	-16.036	0.7192	361
1166	2607	28.028	0.775	361
1166	3945	-0.028	0.7217	361
1166	11032	1.978	0.7803	361
3945	11032	2.006	0.7107	361
1159	1166	-42.048	0.7181	361
1159	2607	-14.020	0.7257	361
1015	1159	0.000	0.7741	361
1015	1166	-42.048	0.7441	361
1015	2607	-14.020	0.7855	361
296	520	141.018	0.714	361
296	635	28.026	0.8612	361
296	766	141.018	0.7138	361
296	790	14.015	0.7446	361
296	971	-26.017	0.7744	361
296	1015	11.999	0.7163	361
296	1658	40.031	0.7921	361
296	1705	2.016	0.7454	361
296	1794	54.046	0.704	361
198	296	0.002	0.8895	361
198	520	141.020	0.7259	361
198	635	28.028	0.8395	361
198	766	141.020	0.7104	361
198	790	14.016	0.771	361
198	971	-26.015	0.7628	361
198	1015	12.000	0.7479	361
198	1166	-30.047	0.7303	361
198	1658	40.033	0.7749	361
198	1705	2.018	0.7583	361
1567	1648	-28.031	0.7802	361
1567	2547	-28.031	0.728	361
1567	4394	-28.032	0.7203	361
1648	2547	-0.000	0.7442	361
1365	1567	-312.265	0.8165	361
1365	1648	-340.296	0.8047	361
1365	2038	-46.004	0.7241	361
1365	2547	-340.297	0.8211	361
1365	4394	-340.297	0.7493	361
1365	5348	-308.233	0.7125	361
3829	5348	28.032	0.7044	361
2936	3829	245.235	0.7064	361
1491	3829	-56.059	0.7064	361
663	681	11.005	0.7539	361
663	1068	56.061	0.7659	361
663	1491	-226.160	0.7167	361
663	1893	-15.012	0.7146	361
551	681	-30.046	0.7132	361
551	1893	-56.063	0.7151	361
681	1406	-56.063	0.7233	361
681	1893	-26.017	0.7148	361
12	31	56.064	0.9036	361
12	551	58.081	0.7625	361
12	612	-211.143	0.7344	361
12	663	17.030	0.791	361
12	681	28.034	0.8369	361
12	1068	73.091	0.7134	361
12	1406	-28.029	0.7906	361
12	1893	2.018	0.7541	361
31	551	2.016	0.7556	361
31	612	-267.208	0.762	361
31	663	-39.035	0.7656	361
31	681	-28.030	0.8196	361
31	1068	17.027	0.7623	361
31	1406	-84.093	0.7754	361
31	1491	-265.195	0.7139	361
31	1893	-54.046	0.7441	361
31	3085	14.016	0.7168	361
1068	1491	-282.221	0.7429	361
1068	3829	-338.280	0.7303	361
1068	4207	-635.548	0.7065	361
1068	4668	-366.311	0.7009	361
940	1365	74.037	0.7361	361
940	2038	28.033	0.7768	361
940	2229	0.000	0.7724	361
940	3590	28.034	0.7209	361
940	3653	-18.012	0.7031	361
819	970	-30.912	0.7037	361
819	1365	338.282	0.8009	361
819	1567	26.016	0.7519	361
819	1648	-2.015	0.7229	361
819	2547	-2.015	0.7289	361
819	3829	2.017	0.7145	361
819	5348	30.048	0.7126	361
615	970	28.032	0.7358	361
612	663	228.173	0.7486	361
612	819	-56.062	0.8066	361
612	970	-86.974	0.7375	361
612	1068	284.234	0.7449	361
612	1365	282.219	0.7725	361
612	1491	2.013	0.7296	361
612	2936	-299.281	0.7611	361
612	3829	-54.046	0.7373	361
408	940	-0.000	0.8393	361
408	1365	74.037	0.7382	361
408	1567	-238.228	0.7018	361
408	1748	-154.136	0.7209	361
408	2038	28.033	0.7927	361
408	2229	-0.000	0.7543	361
408	3590	28.034	0.7088	361
408	3653	-18.012	0.7459	361
1639	2178	0.089	0.7755	361
1639	2182	0.087	0.7538	361
2178	2182	-0.002	0.7968	361
1249	1639	0.000	0.7865	361
1249	2178	0.089	0.8039	361
1249	2182	0.088	0.7758	361
766	1225	-2.017	0.7435	361
520	766	0.001	0.8415	361
520	1225	-2.016	0.754	361
389	520	-26.016	0.7849	361
389	766	-26.015	0.7809	361
389	1225	-28.032	0.8043	361
389	1350	-830.518	0.7847	361
389	1748	54.046	0.7245	361
389	2355	0.027	0.7138	361
242	389	141.019	0.7547	361
242	919	-14.015	0.7743	361
242	1174	26.016	0.813	361
242	1350	-689.498	0.8907	361
242	2253	40.030	0.7718	361
242	2673	39.001	0.7506	361
242	4764	14.017	0.7505	361
242	5393	12.984	0.7851	361
4764	5393	-1.033	0.7008	361
2673	5393	-26.017	0.7344	361
2253	2673	-1.029	0.7007	361
1174	2253	14.015	0.7515	361
1174	2673	12.985	0.7225	361
1174	3335	28.033	0.7107	361
1174	4764	-11.998	0.7203	361
1174	5393	-13.032	0.7322	361
919	1174	40.031	0.7233	361
156	242	0.000	0.9289	361
156	389	141.019	0.7631	361
156	502	-3.048	0.7061	361
156	919	-14.015	0.7885	361
156	1174	26.016	0.8402	361
156	1350	-689.498	0.9165	361
156	2253	40.030	0.7792	361
156	2673	39.001	0.7741	361
156	4764	14.017	0.7681	361
156	5393	12.984	0.7964	361
502	535	-0.001	0.8551	361
502	679	-14.014	0.8063	361
502	1452	14.017	0.7324	361
502	2058	2.018	0.7283	361
535	679	-14.013	0.7996	361
535	1452	14.018	0.7537	361
535	2058	2.019	0.717	361
441	502	-28.030	0.7686	361
441	535	-28.031	0.7423	361
441	1452	-14.013	0.7715	361
441	1672	14.017	0.8072	361
1592	3005	163.003	0.7741	365
3005	3675	-0.001	0.7692	365
2531	3005	-2.015	0.7808	365
2531	3675	-2.016	0.7425	365
1946	2539	0.081	0.7712	376
1121	2539	0.080	0.7147	376
2704	8175	56.068	0.8734	400
3041	4259	242.968	0.7938	413
4259	8082	-146.874	0.7661	413
2273	3930	-81.026	0.7944	451
5235	6685	-42.010	0.759	486
73	77	0.001	0.9782	555
356	2016	-26.013	0.7421	558
356	2591	55.044	0.721	558
356	2774	-26.016	0.7943	558
2016	2774	-0.003	0.8003	558
185	356	-0.000	0.9544	558
185	2591	55.044	0.7208	558
45	98	-1.004	0.931	568
45	104	2.159	0.9577	568
45	1943	-21.980	0.7771	568
45	2410	2.160	0.8511	568
45	3705	-21.981	0.8688	568
1943	3705	-0.001	0.7175	568
1943	4023	0.174	0.7359	568
104	2410	0.001	0.9063	568
98	104	3.164	0.8653	568
98	2410	3.165	0.7776	568
264	618	0.000	0.9206	569
264	975	2.016	0.8815	569
264	986	-0.000	0.9055	569
264	1199	-28.032	0.8528	569
264	1277	-56.065	0.8494	569
264	1295	2.016	0.8336	569
264	1326	-28.031	0.881	569
264	1396	-56.062	0.806	569
264	2798	-84.092	0.8182	569
264	4048	2.013	0.8419	569
3962	4048	28.028	0.7359	569
1396	2798	-28.030	0.7428	569
1396	2910	28.031	0.7048	569
1326	1396	-28.031	0.7816	569
1326	2798	-56.062	0.7952	569
1326	2910	-0.000	0.7169	569
1326	3962	2.016	0.7126	569
1295	3962	-28.030	0.7776	569
1295	4048	-0.003	0.8022	569
1277	1326	28.035	0.8381	569
1277	1396	0.003	0.7715	569
1277	2798	-28.027	0.8006	569
1277	2910	28.034	0.7049	569
1199	1277	-28.033	0.7937	569
1199	1326	0.001	0.8164	569
1199	1396	-28.030	0.7973	569
1199	2798	-56.060	0.7841	569
1199	2910	0.001	0.7464	569
1199	3962	2.017	0.7244	569
986	1199	-28.032	0.8348	569
986	1277	-56.065	0.8142	569
986	1295	2.016	0.7925	569
986	1326	-28.030	0.8414	569
986	1396	-56.062	0.7834	569
986	2798	-84.092	0.7946	569
986	4048	2.013	0.8153	569
975	986	-2.016	0.843	569
975	1295	0.000	0.874	569
975	3962	-28.030	0.7639	569
975	4048	-0.003	0.8541	569
618	975	2.015	0.8683	569
618	986	-0.000	0.8936	569
618	1199	-28.032	0.8408	569
618	1277	-56.065	0.8486	569
618	1295	2.016	0.8166	569
618	1326	-28.031	0.8737	569
618	1396	-56.062	0.7898	569
618	2798	-84.093	0.8024	569
618	4048	2.013	0.8129	569
1707	1936	56.063	0.7543	572
1707	2342	12.038	0.7402	572
1707	4033	28.033	0.7732	572
1707	5467	0.021	0.8654	572
1936	2342	-44.026	0.7748	572
1936	4033	-28.030	0.787	572
14	26	74.021	0.7868	600
14	262	2.798	0.7981	600
14	411	33.062	0.8667	600
14	434	-1.976	0.76	600
14	2508	14.021	0.8476	600
434	911	-148.036	0.7207	600
434	1168	-74.017	0.779	600
613	911	28.031	0.863	600
613	1168	102.050	0.8011	600
300	613	-86.018	0.8033	600
300	911	-57.986	0.8407	600
300	1589	-518.129	0.8351	600
300	4306	-592.147	0.8074	600
219	260	222.057	0.873	600
219	268	-74.020	0.9472	600
219	435	-148.039	0.8678	600
219	955	164.070	0.8737	600
219	1460	-222.055	0.8862	600
219	1589	-222.054	0.9017	600
219	3223	-14.016	0.8464	600
219	4306	-296.072	0.8756	600
955	1460	-386.124	0.8832	600
955	1551	148.038	0.8184	600
1551	2716	91.045	0.7726	600
2716	3902	40.962	0.7438	600
1466	3902	220.078	0.7732	600
1118	1466	-123.108	0.7703	600
621	1118	404.153	0.8544	600
95	126	-74.019	0.9307	600
95	193	-0.000	0.9613	600
95	220	-74.019	0.9218	600
95	275	-74.019	0.9227	600
95	295	-148.038	0.9082	600
95	324	-148.038	0.9016	600
95	336	-148.037	0.9013	600
95	352	-148.037	0.8999	600
95	396	-222.056	0.918	600
95	621	-223.057	0.8995	600
352	422	-74.019	0.8939	600
352	630	-74.019	0.8889	600
352	687	-148.038	0.8939	600
352	688	-1.001	0.9192	600
687	892	74.020	0.9301	600
687	1303	0.000	0.9318	600
892	1303	-74.019	0.9163	600
629	630	74.019	0.9339	600
629	687	0.001	0.9386	600
629	892	74.020	0.9302	600
629	1303	0.001	0.9292	600
630	687	-74.018	0.9343	600
630	892	0.001	0.9337	600
630	1303	-74.018	0.9219	600
422	629	-74.020	0.9369	600
422	630	-0.001	0.9429	600
422	687	-74.019	0.9402	600
422	892	0.000	0.9369	600
422	1303	-74.019	0.9265	600
336	352	-0.000	0.9479	600
336	629	-148.039	0.8889	600
336	687	-148.038	0.8964	600
336	688	-1.001	0.9204	600
324	336	0.001	0.9484	600
324	352	0.001	0.9483	600
324	629	-148.037	0.8958	600
324	687	-148.037	0.9023	600
324	688	-1.000	0.9208	600
295	324	-0.001	0.9515	600
295	336	0.001	0.9486	600
295	352	0.000	0.9467	600
295	422	-74.018	0.8962	600
295	630	-74.019	0.8899	600
295	687	-148.037	0.8972	600
295	688	-1.000	0.927	600
275	422	-148.037	0.9139	600
275	629	-222.057	0.9026	600
275	630	-148.038	0.8971	600
275	892	-148.037	0.8981	600
275	1397	0.000	0.8935	600
220	275	0.000	0.9461	600
220	422	-148.037	0.9076	600
220	629	-222.057	0.9021	600
220	630	-148.038	0.8964	600
220	892	-148.036	0.8965	600
220	1397	0.001	0.8952	600
193	220	-74.018	0.9174	600
193	275	-74.018	0.9168	600
193	295	-148.037	0.9044	600
193	324	-148.038	0.8986	600
193	336	-148.036	0.8966	600
193	352	-148.037	0.896	600
193	396	-222.056	0.9063	600
126	193	74.019	0.9246	600
126	220	0.000	0.9542	600
126	275	0.001	0.9548	600
126	422	-148.037	0.9189	600
126	629	-222.056	0.9106	600
126	630	-148.037	0.9059	600
126	687	-222.056	0.9007	600
126	892	-148.036	0.9041	600
126	1397	0.001	0.9011	600
80	177	255.115	0.8674	600
80	396	-296.074	0.9354	600
80	554	-222.056	0.9211	600
80	621	-297.075	0.9075	600
80	2703	33.061	0.8664	600
177	482	-32.447	0.7676	600
177	1074	0.000	0.9027	600
177	1883	0.001	0.8571	600
1074	1883	0.001	0.813	600
482	1074	32.448	0.7234	600
482	1883	32.448	0.7128	600
239	482	2.017	0.847	600
147	177	16.031	0.9286	600
147	482	-16.417	0.7581	600
147	1074	16.031	0.8768	600
147	1883	16.032	0.8277	600
554	621	-75.020	0.8992	600
554	1118	329.134	0.8866	600
554	2703	255.116	0.8789	600
396	621	-1.001	0.9179	600
396	1118	403.153	0.8754	600
396	2703	329.135	0.8722	600
148	216	-18.009	0.8357	600
148	278	57.009	0.8338	600
148	396	-147.036	0.8927	600
148	554	-73.017	0.893	600
148	621	-148.037	0.8472	600
148	1118	256.117	0.8815	600
148	2703	182.099	0.8427	600
25	148	-223.056	0.8874	600
25	216	-241.065	0.8573	600
25	278	-166.046	0.8572	600
25	396	-370.092	0.9125	600
25	435	-462.122	0.8849	600
25	554	-296.073	0.9076	600
25	621	-371.092	0.8821	600
25	1118	33.061	0.8923	600
278	435	-296.076	0.8664	600
278	507	222.056	0.9037	600
278	554	-130.026	0.8531	600
278	1118	199.107	0.8246	600
278	1466	75.999	0.8873	600
216	260	149.038	0.8607	600
216	278	75.019	0.8882	600
216	435	-221.057	0.876	600
216	507	297.074	0.8896	600
216	1466	151.018	0.8436	600
1119	1257	74.020	0.7493	600
1119	1466	-60.040	0.8001	600
1119	2716	119.077	0.7711	600
1119	3902	160.038	0.7604	600
896	1119	-193.096	0.7275	600
896	1257	-119.076	0.7114	600
1257	1551	-45.988	0.7779	600
1257	2716	45.057	0.7846	600
1257	3902	86.019	0.7408	600
1209	1257	74.019	0.7697	600
1209	1551	28.031	0.824	600
1209	2716	119.076	0.7478	600
507	955	-206.023	0.8233	600
507	1209	-86.016	0.8448	600
507	1466	-146.057	0.8446	600
507	1551	-57.985	0.8496	600
507	3384	-72.037	0.8062	600
435	955	312.109	0.8869	600
435	1460	-74.016	0.9415	600
260	268	-296.076	0.8463	600
260	278	-74.019	0.8508	600
260	435	-370.095	0.9392	600
260	507	148.036	0.8487	600
260	955	-57.987	0.907	600
260	1460	-444.111	0.9246	600
194	219	-74.018	0.9489	600
194	260	148.038	0.8677	600
194	268	-148.038	0.8768	600
194	435	-222.057	0.8931	600
194	955	90.051	0.8927	600
194	1460	-296.073	0.902	600
194	1589	-296.073	0.8726	600
194	4306	-370.090	0.8358	600
1589	3223	208.039	0.811	600
1589	4306	-74.017	0.8985	600
268	300	370.094	0.8316	600
268	955	238.089	0.8516	600
268	1460	-148.035	0.8498	600
268	1589	-148.035	0.8971	600
268	3223	60.004	0.8261	600
268	4306	-222.052	0.8786	600
911	1168	74.019	0.8376	600
911	4306	-534.160	0.7507	600
26	147	17.029	0.8606	600
26	177	33.060	0.8557	600
26	896	15.050	0.8195	600
26	1074	33.060	0.8176	600
26	2703	-188.994	0.8108	600
15	41	-18.008	0.7611	603
15	99	-18.006	0.748	603
15	536	-35.032	0.7104	603
536	2973	0.000	0.7408	603
536	9687	17.121	0.8063	603
2973	9687	17.121	0.7588	603
99	536	-17.026	0.8539	603
99	2917	-17.027	0.7261	603
99	2973	-17.026	0.7845	603
99	9687	0.095	0.8775	603
41	99	0.002	0.8975	603
41	536	-17.024	0.8174	603
41	2917	-17.025	0.7839	603
41	2973	-17.024	0.7517	603
41	9687	0.097	0.8505	603
1612	2000	-56.070	0.7874	604
1612	2154	0.001	0.8896	604
1546	2000	2.007	0.839	604
1377	1546	-56.059	0.8352	604
71	152	0.001	0.9396	604
71	596	-30.047	0.9264	604
71	1377	-58.079	0.912	604
71	3118	4.036	0.8181	604
596	1377	-28.033	0.8547	604
596	1546	-84.091	0.8976	604
596	2000	-82.084	0.8751	604
152	596	-30.047	0.9244	604
152	1377	-58.080	0.8473	604
152	1612	-56.062	0.7858	604
152	3118	4.036	0.832	604
1415	1568	2.017	0.8343	612
379	772	-59.966	0.9131	622
379	1437	-0.000	0.924	622
379	1440	-16.031	0.9062	622
379	1510	-16.034	0.8937	622
379	1517	-16.030	0.9104	622
379	1662	-16.032	0.8841	622
379	1925	0.000	0.8854	622
379	1947	-16.031	0.8722	622
379	2247	0.000	0.896	622
379	2765	-16.031	0.8991	622
1927	1947	-16.031	0.7999	622
1927	2765	-16.031	0.8129	622
2247	2765	-16.032	0.857	622
1947	2247	16.032	0.8223	622
1947	2765	0.000	0.8299	622
1925	1947	-16.032	0.8102	622
1925	2247	0.000	0.8367	622
1925	2765	-16.032	0.8224	622
1662	1925	16.033	0.8193	622
1662	1947	0.001	0.8199	622
1662	2247	16.033	0.8356	622
1662	2765	0.001	0.8492	622
1517	1662	-0.002	0.8663	622
1517	1925	16.031	0.8507	622
1517	1927	16.030	0.8215	622
1517	1947	-0.001	0.8611	622
1517	2247	16.031	0.8577	622
1517	2765	-0.001	0.8751	622
1510	1517	0.003	0.8731	622
1510	1662	0.001	0.8704	622
1510	1925	16.034	0.8395	622
1510	1927	16.033	0.8033	622
1510	1947	0.003	0.819	622
1510	2247	16.034	0.8513	622
1510	2765	0.003	0.853	622
1440	1510	-0.002	0.8713	622
1440	1517	0.001	0.8931	622
1440	1662	-0.001	0.8596	622
1440	1925	16.032	0.8586	622
1440	1927	16.031	0.8141	622
1440	1947	0.000	0.8532	622
1440	2247	16.032	0.8688	622
1440	2765	0.000	0.8748	622
1437	1440	-16.031	0.8889	622
1437	1510	-16.033	0.8865	622
1437	1517	-16.030	0.8972	622
1437	1662	-16.032	0.8759	622
1437	1925	0.001	0.8674	622
1437	1947	-16.031	0.8525	622
1437	2247	0.001	0.8919	622
1437	2765	-16.031	0.876	622
772	1437	59.966	0.8775	622
772	1925	59.967	0.8544	622
772	2247	59.967	0.8578	622
1229	2744	-56.060	0.8383	654
1229	3052	-28.031	0.9011	654
2744	3052	28.030	0.8095	654
849	1229	-56.063	0.8136	654
849	1635	-0.001	0.8193	654
561	1251	-2.015	0.7906	656
522	561	-2.016	0.7683	656
522	1251	-4.031	0.7157	656
4556	5774	15.995	0.8465	661
37	61	0.002	0.7943	673
134	353	-0.000	0.9086	674
134	984	0.001	0.9127	674
134	1336	0.000	0.9205	674
134	1446	-0.000	0.9084	674
134	1593	0.000	0.8382	674
134	1694	-16.032	0.8975	674
134	1803	14.052	0.8458	674
134	1853	0.000	0.8382	674
134	2125	0.001	0.894	674
134	2990	0.000	0.8519	674
134	3403	0.001	0.8752	674
2990	3403	0.000	0.8307	674
2125	2990	-0.000	0.8229	674
2125	3403	-0.000	0.8362	674
1853	1974	0.000	0.7883	674
1853	3403	0.000	0.7718	674
1328	1853	-0.000	0.8131	674
1328	1974	-0.000	0.8936	674
1803	1992	0.000	0.8082	674
1803	2125	-14.051	0.8417	674
1803	2990	-14.052	0.7765	674
1803	3303	-0.001	0.7688	674
1992	3303	-0.001	0.721	674
1694	1853	16.032	0.7955	674
1694	2125	16.032	0.8466	674
1694	2990	16.032	0.8022	674
1694	3403	16.032	0.8106	674
1593	1694	-16.032	0.8088	674
1593	1853	0.000	0.7994	674
1593	1974	0.000	0.7787	674
1593	3403	0.000	0.7713	674
1446	1593	0.000	0.8201	674
1446	1694	-16.032	0.8614	674
1446	1853	0.000	0.8307	674
1446	2125	0.001	0.8664	674
1446	2990	0.000	0.8221	674
1446	3403	0.001	0.8271	674
1336	1446	-0.000	0.8981	674
1336	1593	-0.000	0.8205	674
1336	1694	-16.032	0.8629	674
1336	1853	-0.000	0.8467	674
1336	2125	0.000	0.8514	674
1336	2990	0.000	0.823	674
1336	3403	0.000	0.8378	674
984	1336	-0.001	0.8831	674
984	1446	-0.001	0.8829	674
984	1593	-0.001	0.8443	674
984	1694	-16.033	0.8542	674
984	1853	-0.001	0.818	674
984	1974	-0.001	0.803	674
984	2125	-0.000	0.8651	674
984	3403	-0.000	0.8291	674
353	984	0.001	0.898	674
353	1328	0.001	0.8767	674
353	1336	0.000	0.8897	674
353	1446	0.000	0.8767	674
353	1593	0.000	0.8479	674
353	1694	-16.032	0.8548	674
353	1853	0.000	0.8615	674
353	1974	0.000	0.8562	674
353	2125	0.001	0.8348	674
5516	9370	-32.026	0.719	683
2487	3745	0.001	0.8122	683
2487	9370	14.018	0.7152	683
3745	8706	-225.943	0.7035	683
633	976	-28.034	0.9165	696
633	978	-56.065	0.905	696
978	2689	0.023	0.8629	696
976	978	-28.031	0.8916	696
54	110	-26.016	0.7511	708
54	136	-28.031	0.9215	708
54	403	-14.015	0.8985	708
136	403	14.016	0.8827	708
110	136	-2.015	0.7155	708
110	2203	0.002	0.8346	708
65	130	1.099	0.7597	712
65	314	0.096	0.7539	712
65	733	-0.043	0.8488	712
65	852	-45.056	0.8475	712
65	2079	-14.014	0.701	712
65	9014	0.051	0.7964	712
852	9014	45.107	0.7014	712
733	852	-45.013	0.7543	712
733	9014	0.094	0.796	712
314	733	-0.139	0.744	712
314	9014	-0.045	0.7391	712
130	314	-1.003	0.7189	712
130	733	-1.142	0.7087	712
130	2300	1.007	0.8569	712
66	86	-28.032	0.9611	713
66	102	-26.016	0.9615	713
66	183	-28.031	0.9659	713
66	199	26.016	0.9624	713
66	1458	2.009	0.9561	713
66	3603	0.951	0.9631	713
3603	5604	27.058	0.9634	713
3179	5604	25.994	0.9589	713
2549	3179	26.012	0.9539	713
251	485	0.001	0.9585	713
251	3603	54.050	0.9625	713
222	251	-0.001	0.9652	713
222	485	0.000	0.9603	713
168	183	-54.048	0.966	713
168	199	-0.001	0.9648	713
168	222	-79.115	0.9624	713
168	251	-79.116	0.9639	713
168	3603	-25.066	0.9653	713
168	5604	1.992	0.9655	713
160	168	79.116	0.9668	713
160	183	25.068	0.9711	713
160	199	79.115	0.9618	713
160	222	0.001	0.9713	713
160	251	-0.000	0.9688	713
160	3603	54.049	0.9682	713
160	5604	81.108	0.962	713
128	160	-27.084	0.9678	713
128	168	52.032	0.9623	713
128	183	-2.016	0.9697	713
128	199	52.031	0.9646	713
128	222	-27.083	0.9637	713
128	2549	2.018	0.9631	713
128	3603	26.966	0.9649	713
128	5604	54.024	0.9651	713
1458	3179	0.005	0.9598	713
1458	3603	-1.059	0.9651	713
1458	5604	26.000	0.9602	713
199	5604	1.993	0.9613	713
183	199	54.047	0.9665	713
183	222	-25.067	0.9646	713
183	3603	28.982	0.9652	713
183	5604	56.040	0.9621	713
102	128	0.000	0.9698	713
102	160	-27.083	0.9658	713
102	168	52.032	0.9648	713
102	183	-2.015	0.9694	713
102	222	-27.083	0.9628	713
102	251	-27.083	0.9622	713
102	3603	26.966	0.9637	713
102	5604	54.024	0.9611	713
86	102	2.016	0.9709	713
86	128	2.017	0.9706	713
86	160	-25.067	0.9697	713
86	168	54.049	0.9662	713
86	183	0.001	0.9729	713
86	199	54.048	0.9631	713
86	222	-25.066	0.9635	713
86	251	-25.067	0.9632	713
86	3603	28.982	0.9647	713
158	811	-0.003	0.9253	715
158	1211	0.074	0.938	715
811	1211	0.077	0.9224	715
306	468	0.000	0.9291	716
306	562	-0.004	0.8929	716
306	623	26.016	0.93	716
306	804	0.000	0.9043	716
306	898	0.001	0.9151	716
306	962	2.016	0.8968	716
306	1261	2.016	0.8973	716
306	1822	-0.000	0.9128	716
306	2239	-29.034	0.8991	716
1822	2239	-29.034	0.9045	716
1822	2562	-2.014	0.8807	716
1261	2562	-4.029	0.8645	716
953	962	0.000	0.8772	716
953	1102	0.003	0.874	716
953	1261	-0.000	0.8645	716
953	1508	-30.048	0.8627	716
1222	1443	-14.012	0.7873	716
1222	1508	-14.013	0.8297	716
1443	1444	4.032	0.7894	716
1117	1443	-0.002	0.8257	716
755	1117	0.002	0.8321	716
1050	1117	-30.047	0.8218	716
1050	1443	-30.048	0.8187	716
760	847	-28.031	0.8565	716
760	953	0.001	0.879	716
760	962	0.001	0.8741	716
760	982	-28.030	0.8524	716
760	1508	-30.047	0.8539	716
847	982	0.001	0.8471	716
584	760	30.046	0.8817	716
584	804	28.032	0.8828	716
584	847	2.015	0.8703	716
584	953	30.047	0.8872	716
584	962	30.047	0.8814	716
584	982	2.016	0.8713	716
584	1102	30.050	0.8689	716
962	1261	-0.000	0.8838	716
898	962	2.015	0.8719	716
898	1261	2.015	0.8828	716
898	1822	-0.001	0.9029	716
898	2562	-2.015	0.8939	716
804	898	0.000	0.9051	716
804	953	2.015	0.8777	716
804	962	2.015	0.8803	716
804	1102	2.018	0.886	716
804	2562	-2.014	0.8851	716
623	898	-26.016	0.9084	716
623	1822	-26.016	0.9198	716
623	2239	-55.050	0.9038	716
623	2562	-28.030	0.8968	716
562	584	-28.027	0.8743	716
562	804	0.004	0.8915	716
562	898	0.005	0.8768	716
562	953	2.020	0.8662	716
562	962	2.020	0.8878	716
562	1102	2.022	0.864	716
562	1261	2.019	0.8713	716
468	562	-0.004	0.8876	716
468	623	26.016	0.9286	716
468	804	0.000	0.9042	716
468	898	0.001	0.9101	716
468	962	2.016	0.8944	716
468	1261	2.015	0.8963	716
468	1822	-0.000	0.9099	716
468	2562	-2.014	0.8947	716
454	1436	0.000	0.9624	725
454	1461	0.001	0.9647	725
454	2605	0.003	0.9389	725
1461	2605	0.002	0.9478	725
1436	1461	0.001	0.9677	725
1436	2605	0.003	0.9417	725
513	537	-4.034	0.9353	729
513	583	-78.050	0.9217	729
513	995	9.946	0.9109	729
513	1858	-29.101	0.8993	729
513	1891	-55.117	0.9066	729
513	1915	-26.018	0.9015	729
513	2259	-29.042	0.9191	729
513	2491	-16.032	0.9353	729
513	2700	-31.116	0.8983	729
513	3671	23.965	0.9266	729
2700	3261	17.065	0.8738	729
2700	3671	55.081	0.8845	729
2834	3261	41.066	0.8528	729
542	2834	-29.102	0.8603	729
1666	3261	-36.981	0.8614	729
1666	5815	-110.108	0.8388	729
2008	2700	12.000	0.8714	729
2491	2700	-15.084	0.8933	729
2491	3261	1.981	0.9045	729
2491	3671	39.997	0.9032	729
2259	2491	13.009	0.9033	729
2259	2700	-2.075	0.8915	729
2259	3671	53.006	0.9064	729
1915	2008	-17.098	0.878	729
1915	2259	-3.024	0.894	729
1915	2491	9.986	0.8937	729
1915	3671	49.983	0.8863	729
1891	2259	26.076	0.8966	729
1891	3671	79.082	0.885	729
1858	1891	-26.016	0.8855	729
1858	1915	3.083	0.9035	729
1858	2008	-14.015	0.8723	729
1858	2259	0.060	0.9129	729
1858	2700	-2.015	0.8799	729
1858	3671	53.066	0.9059	729
995	1858	-39.047	0.8942	729
995	1915	-35.964	0.8836	729
995	2259	-38.987	0.8975	729
995	2491	-25.978	0.9083	729
995	2700	-41.062	0.894	729
995	3261	-23.997	0.8727	729
995	3671	14.019	0.9129	729
583	995	87.996	0.8813	729
583	2491	62.018	0.9202	729
583	3261	63.998	0.8845	729
583	3671	102.015	0.8808	729
537	583	-74.016	0.9017	729
537	995	13.980	0.9051	729
537	1858	-25.067	0.9055	729
537	1891	-51.083	0.8956	729
537	1915	-21.984	0.9116	729
537	2259	-25.008	0.9192	729
537	2491	-11.998	0.9161	729
537	2700	-27.083	0.9	729
537	3671	27.999	0.9119	729
594	972	-0.000	0.8537	732
594	1985	-26.014	0.795	732
594	2315	-26.013	0.819	732
594	4126	0.002	0.8173	732
2315	4126	26.015	0.7799	732
1985	4126	26.016	0.771	732
972	1985	-26.014	0.7642	732
972	2315	-26.013	0.7753	732
972	4126	0.003	0.8098	732
724	815	-0.000	0.9207	735
1075	2490	1.981	0.891	757
2490	3847	-26.014	0.8272	757
1263	4359	0.952	0.8809	761
4359	6164	0.001	0.8539	761
1309	1638	0.065	0.7921	764
470	2192	-66.085	0.7691	804
470	2512	15.992	0.8053	804
2843	3053	-0.002	0.7886	811
1378	1777	-47.999	0.7915	811
1378	2071	-0.003	0.7866	811
1378	3053	2.017	0.8019	811
2071	2278	-26.011	0.7184	811
850	1777	-47.996	0.781	811
850	2071	0.000	0.8076	811
850	4000	28.038	0.7353	811
1689	4000	0.002	0.7307	811
1481	4000	0.006	0.7574	811
792	850	-0.003	0.8396	811
792	1777	-47.999	0.7929	811
792	2071	-0.003	0.814	811
792	2278	-26.014	0.7295	811
792	4000	28.035	0.7476	811
436	792	0.003	0.8292	811
436	850	-0.000	0.8088	811
436	2071	-0.000	0.795	811
436	4000	28.037	0.7213	811
1777	2071	47.996	0.7754	811
9557	9999	0.084	0.7986	873
524	698	-28.031	0.8971	877
524	1454	2.017	0.7702	877
191	524	28.031	0.9221	877
191	698	0.000	0.9156	877
154	164	-324.106	0.8432	877
154	174	28.031	0.8954	877
154	191	28.032	0.8044	877
154	354	2.015	0.8159	877
154	393	-28.032	0.8169	877
154	467	-342.116	0.8805	877
154	934	-18.011	0.844	877
154	1341	56.062	0.8205	877
154	2083	28.033	0.8233	877
154	2526	28.031	0.8138	877
859	934	-28.033	0.8154	877
859	1341	46.040	0.7986	877
859	2083	18.012	0.8513	877
859	2526	18.010	0.8041	877
715	859	0.055	0.792	877
337	467	-28.031	0.7938	877
337	845	296.075	0.8268	877
337	859	324.106	0.7883	877
337	1341	370.146	0.7706	877
337	1629	46.041	0.8143	877
170	174	28.032	0.8016	877
170	195	-296.074	0.7651	877
170	337	-314.084	0.8697	877
170	845	-18.009	0.8702	877
170	2460	18.012	0.769	877
2267	2460	-2.016	0.7624	877
195	240	2.015	0.8655	877
195	337	-18.010	0.8641	877
195	467	-46.042	0.7869	877
195	859	306.096	0.8267	877
195	1629	28.031	0.7777	877
195	2083	324.108	0.7803	877
195	2526	324.105	0.7741	877
240	259	-28.031	0.9009	877
240	335	324.107	0.8662	877
240	504	-15.997	0.8098	877
240	1642	28.031	0.8083	877
240	1806	342.117	0.7763	877
240	6905	-0.097	0.8407	877
1806	2108	-2.016	0.8155	877
225	259	15.995	0.7733	877
225	504	28.029	0.7851	877
225	692	-28.031	0.8134	877
335	354	-28.032	0.8577	877
335	1806	18.010	0.8319	877
335	2083	-2.014	0.7859	877
335	6905	-324.204	0.7935	877
259	335	352.138	0.7625	877
259	354	324.105	0.8547	877
259	504	12.034	0.8197	877
2083	2526	-0.002	0.7885	877
2083	3400	-28.032	0.7614	877
1341	2083	-28.028	0.7991	877
1341	2526	-28.031	0.7917	877
467	934	324.105	0.8152	877
445	467	0.698	0.7691	877
393	808	0.000	0.8109	877
174	195	-324.106	0.8666	877
174	335	2.016	0.8531	877
174	337	-342.116	0.8528	877
174	859	-18.010	0.8961	877
174	1341	28.030	0.8692	877
174	2083	0.002	0.872	877
174	2526	-0.000	0.8417	877
174	3400	-28.030	0.789	877
164	195	28.031	0.8876	877
164	259	2.015	0.8447	877
164	337	10.021	0.7927	877
164	445	-18.709	0.7638	877
164	467	-18.011	0.8793	877
164	934	306.094	0.7739	877
103	828	42.144	0.8453	884
103	2919	339.130	0.7012	884
828	2919	296.986	0.7192	884
3064	3081	0.000	0.8265	896
3064	5111	-0.000	0.8337	896
3064	10237	-0.002	0.7763	896
5111	6355	28.019	0.7676	896
5111	10237	-0.002	0.7671	896
3081	5111	-0.001	0.8212	896
3081	10237	-0.002	0.7658	896
2778	3064	-118.893	0.8364	896
2778	3081	-118.893	0.8239	896
2778	5111	-118.893	0.8395	896
577	827	-0.000	0.9287	897
577	1633	-0.000	0.9301	897
577	2422	0.001	0.7998	897
577	2541	0.000	0.868	897
577	3247	0.000	0.8849	897
2541	3247	-0.000	0.8297	897
2422	2541	-0.001	0.7597	897
2422	3247	-0.001	0.7479	897
1633	2422	0.001	0.7954	897
1633	2541	0.000	0.8834	897
1633	3247	0.000	0.8656	897
827	1633	0.000	0.9231	897
827	2422	0.001	0.7863	897
827	2541	0.001	0.8881	897
827	3247	0.000	0.8713	897
143	805	28.031	0.8533	903
497	1002	102.039	0.782	904
1002	3528	-42.008	0.8813	904
146	330	-12.035	0.7223	905
146	423	-28.031	0.7637	905
146	446	-28.030	0.7369	905
146	453	15.995	0.7087	905
146	590	-14.015	0.8823	905
146	718	14.016	0.8579	905
146	756	-14.017	0.8593	905
146	1052	14.016	0.8347	905
146	1259	-12.000	0.7914	905
756	1259	2.017	0.7505	905
718	756	-28.032	0.7329	905
718	1052	0.000	0.7875	905
590	718	28.031	0.7165	905
590	756	-0.001	0.8466	905
590	1259	2.016	0.7758	905
590	2852	14.016	0.7188	905
453	590	-30.010	0.8399	905
453	723	-15.995	0.7004	905
453	756	-30.012	0.8058	905
453	2852	-15.994	0.7265	905
723	968	-28.030	0.8096	905
723	1281	-28.031	0.8299	905
723	2020	-56.062	0.7653	905
723	2104	0.001	0.7718	905
2020	2104	56.063	0.7289	905
2020	4065	56.063	0.7044	905
1349	2020	-12.036	0.7101	905
1281	2020	-28.030	0.7071	905
1281	2104	28.032	0.777	905
968	1281	-0.001	0.7811	905
968	2104	28.031	0.7513	905
446	453	44.025	0.8574	905
446	590	14.015	0.85	905
446	756	14.014	0.8089	905
446	1259	16.031	0.7163	905
446	1349	-15.995	0.7311	905
446	2852	28.031	0.7678	905
446	3195	28.032	0.7353	905
423	446	0.000	0.8774	905
423	453	44.026	0.8628	905
423	590	14.015	0.8689	905
423	756	14.014	0.8365	905
423	1259	16.031	0.7229	905
423	1349	-15.995	0.7366	905
423	2852	28.032	0.7568	905
423	3195	28.032	0.7312	905
330	423	-15.995	0.862	905
330	446	-15.995	0.8391	905
330	453	28.031	0.8836	905
330	590	-1.980	0.8489	905
330	756	-1.981	0.8242	905
330	2852	12.036	0.7174	905
330	3195	12.037	0.7026	905
330	3308	2.966	0.8023	905
330	6755	1.963	0.7413	905
3308	6755	-1.003	0.7632	905
735	3201	-14.014	0.8709	910
735	4291	2.103	0.7584	910
2808	5240	14.016	0.7316	911
157	323	-59.967	0.9428	913
157	564	0.000	0.9451	913
157	701	-0.000	0.9311	913
157	872	-59.966	0.9221	913
157	942	-0.000	0.9488	913
157	1086	0.001	0.9336	913
157	1127	0.000	0.9371	913
157	1207	0.000	0.93	913
157	1230	0.000	0.9348	913
157	1459	0.001	0.9133	913
1442	1459	0.001	0.8812	913
1230	1442	-0.001	0.89	913
1230	1459	0.000	0.8969	913
1207	1230	-0.000	0.907	913
1207	1442	-0.001	0.8891	913
1207	1459	0.000	0.8973	913
1127	1207	0.000	0.9019	913
1127	1230	-0.000	0.9133	913
1127	1442	-0.001	0.8918	913
1127	1459	0.000	0.8963	913
1086	1127	-0.000	0.9113	913
1086	1207	-0.000	0.9055	913
1086	1230	-0.000	0.9028	913
1073	1086	16.032	0.8923	913
1073	1276	0.000	0.894	913
1073	1728	0.000	0.9067	913
1276	1728	-0.000	0.8966	913
646	1073	-0.002	0.9104	913
646	1276	-0.001	0.9033	913
646	1728	-0.001	0.9146	913
646	1993	-0.002	0.8894	913
616	646	0.002	0.9251	913
616	1073	0.000	0.9126	913
616	1276	0.001	0.902	913
616	1728	0.001	0.9105	913
616	1993	0.000	0.8833	913
942	1086	0.001	0.9197	913
942	1127	0.001	0.9153	913
942	1207	0.001	0.9219	913
942	1230	0.001	0.9203	913
942	1459	0.001	0.9113	913
872	942	59.966	0.904	913
872	1086	59.967	0.8935	913
701	872	-59.966	0.9021	913
701	942	0.000	0.9144	913
701	1086	0.001	0.9143	913
701	1127	0.001	0.9075	913
701	1207	0.001	0.8976	913
701	1230	0.001	0.9044	913
701	1459	0.001	0.8902	913
564	701	-0.001	0.9115	913
564	872	-59.967	0.9101	913
564	942	-0.001	0.9364	913
564	1086	0.000	0.9237	913
564	1127	0.000	0.9189	913
564	1207	0.000	0.9335	913
564	1230	-0.000	0.9286	913
564	1459	0.000	0.9113	913
323	564	59.967	0.9323	913
323	701	59.966	0.9129	913
323	872	0.000	0.939	913
323	942	59.966	0.9248	913
323	1086	59.967	0.9178	913
323	1127	59.967	0.9174	913
323	1207	59.967	0.9103	913
323	1230	59.967	0.9065	913
323	1459	59.967	0.9035	913
714	1525	-16.033	0.8248	914
714	1937	-16.033	0.8007	914
1937	2294	-57.988	0.7411	914
2294	3988	0.000	0.8006	914
2224	2294	-0.000	0.8755	914
2224	3988	0.000	0.7721	914
2122	2224	59.966	0.7437	914
2122	2294	59.966	0.7625	914
1525	1937	0.000	0.8332	914
169	276	28.032	0.9068	920
169	576	2.016	0.8944	920
169	632	0.000	0.9153	920
169	763	-2.016	0.9003	920
169	825	-18.010	0.9168	920
169	1138	-28.030	0.8582	920
169	1183	14.016	0.8386	920
169	1435	-14.015	0.8192	920
169	2307	-20.024	0.7779	920
169	2409	-164.069	0.7884	920
817	1183	-0.000	0.7357	920
817	1490	12.000	0.7372	920
817	1994	-2.015	0.7782	920
1490	1683	-14.017	0.7623	920
1138	1435	14.015	0.7723	920
1138	2409	-136.039	0.7508	920
825	1138	-10.020	0.8457	920
825	1435	3.995	0.7745	920
825	2307	-2.014	0.7453	920
825	2409	-146.059	0.7728	920
825	3770	2.017	0.7547	920
763	825	-15.994	0.8729	920
763	1138	-26.014	0.7911	920
763	1435	-11.999	0.7763	920
763	2307	-18.009	0.7537	920
763	2409	-162.054	0.7796	920
632	763	-2.016	0.8802	920
632	825	-18.010	0.8924	920
632	1138	-28.030	0.8196	920
632	1183	14.016	0.8194	920
632	1435	-14.015	0.8083	920
632	2307	-20.025	0.7607	920
632	2409	-164.070	0.77	920
576	632	-2.016	0.8642	920
576	763	-4.032	0.8594	920
576	825	-20.026	0.8756	920
576	1138	-30.046	0.8225	920
576	1435	-16.031	0.8197	920
576	2307	-22.041	0.747	920
576	2409	-166.086	0.7633	920
276	632	-28.032	0.8793	920
276	817	-14.015	0.7948	920
276	1183	-14.016	0.8544	920
276	1490	-2.015	0.7366	920
276	2206	-15.994	0.7918	920
189	930	0.001	0.7586	926
958	1188	-0.001	0.7889	927
226	767	-28.032	0.8531	938
226	2209	-14.013	0.7697	938
226	2870	0.002	0.7519	938
767	2209	14.019	0.7513	938
834	1865	-18.008	0.7771	945
809	834	-2.013	0.7923	945
291	307	-151.015	0.8529	946
291	879	-137.014	0.7025	946
291	1129	15.996	0.7723	946
291	1360	-59.064	0.7143	946
291	1659	15.996	0.7681	946
291	2621	-15.994	0.7	946
1129	1659	-0.000	0.7448	946
879	2230	18.011	0.7108	946
307	879	14.002	0.7142	946
307	1129	167.011	0.7497	946
307	1659	167.011	0.7195	946
1492	4239	-222.093	0.8052	950
1492	5420	-44.089	0.8	950
1448	1492	70.081	0.8774	950
1448	4239	-152.012	0.8068	950
1531	2024	0.001	0.7514	954
2730	2954	0.001	0.897	960
1170	1779	2.280	0.8166	962
1170	5632	-21.980	0.8357	962
342	433	-133.005	0.7429	964
342	443	18.011	0.7817	964
342	481	-0.000	0.7898	964
443	481	-18.011	0.7624	964
443	1196	-32.026	0.7227	964
433	443	151.015	0.7651	964
433	481	133.004	0.7605	964
350	1265	0.001	0.7652	965
350	1279	-96.093	0.8287	965
350	2528	-96.093	0.7915	965
1279	2528	0.000	0.7926	965
1265	1279	-96.094	0.8129	965
1265	2528	-96.094	0.7483	965
1301	10977	-44.015	0.7697	984
455	1405	-68.063	0.7354	990
455	1679	0.001	0.7204	990
495	515	-44.027	0.7701	993
495	628	44.027	0.9091	993
495	992	-88.054	0.8751	993
495	1051	88.052	0.8458	993
495	1087	149.106	0.7523	993
495	1438	105.081	0.7325	993
495	1627	132.079	0.799	993
495	1706	-132.078	0.8111	993
495	1910	74.074	0.736	993
495	3605	-50.123	0.7474	993
3605	3986	-44.027	0.7229	993
3605	7574	-14.016	0.7259	993
3397	3605	-44.025	0.7896	993
3397	3986	-88.052	0.7091	993
2886	3605	-0.095	0.7865	993
2886	7574	-14.111	0.7019	993
1253	1910	132.078	0.7123	993
999	1253	-88.049	0.7584	993
999	1910	44.028	0.7604	993
999	3625	17.026	0.7187	993
904	992	-74.076	0.7295	993
904	999	44.023	0.7984	993
904	1253	-44.026	0.8118	993
904	1653	-13.976	0.7092	993
904	1782	-58.006	0.7469	993
904	1910	88.052	0.7659	993
904	2149	-88.052	0.7395	993
1782	2370	-44.024	0.7331	993
1653	1782	-44.031	0.758	993
1653	2370	-88.055	0.7251	993
1706	2877	-44.030	0.7738	993
1706	4196	-88.052	0.7242	993
1627	1857	-71.024	0.7517	993
1627	3605	-182.201	0.7004	993
1857	2558	-44.028	0.7432	993
831	1051	-105.080	0.7551	993
831	1087	-44.025	0.8288	993
831	1438	-88.051	0.7704	993
831	1627	-61.053	0.711	993
831	1857	-132.077	0.736	993
1438	1627	26.998	0.7379	993
1438	1857	-44.026	0.7575	993
1438	2558	-88.053	0.7132	993
1087	1438	-44.026	0.8048	993
1087	1627	-17.027	0.7834	993
1087	1857	-88.051	0.7941	993
1087	2558	-132.079	0.7545	993
1087	7147	-97.161	0.7134	993
1051	1087	61.055	0.821	993
1051	1438	17.029	0.7589	993
1051	1627	44.027	0.8083	993
1051	1857	-26.997	0.7405	993
1051	3605	-138.174	0.7176	993
992	1051	176.106	0.7662	993
992	1627	220.133	0.7202	993
992	1706	-44.024	0.7255	993
992	2877	-88.054	0.7631	993
992	4196	-132.076	0.7156	993
628	992	-132.081	0.829	993
628	1051	44.025	0.8626	993
628	1087	105.079	0.7927	993
628	1438	61.053	0.7688	993
628	1627	88.052	0.8179	993
628	1706	-176.105	0.755	993
628	1857	17.028	0.7608	993
628	3605	-94.150	0.7566	993
515	628	88.054	0.8791	993
515	904	30.049	0.7383	993
515	992	-44.027	0.8806	993
515	999	74.072	0.7266	993
515	1051	132.078	0.8025	993
515	1253	-13.977	0.7162	993
515	1627	176.106	0.7533	993
515	1706	-88.051	0.8371	993
515	2877	-132.081	0.7772	993
1223	1439	-12.037	0.8361	997
1223	2480	-42.083	0.7637	997
1223	3090	13.979	0.7627	997
1223	4079	2.013	0.8067	997
2676	3090	39.996	0.7219	997
2676	4079	28.030	0.763	997
3090	4079	-11.966	0.7225	997
2480	3090	56.062	0.731	997
2480	4079	44.097	0.7274	997
1439	2480	-30.046	0.7679	997
1439	2676	-13.980	0.749	997
1439	3090	26.016	0.7972	997
1439	4079	14.050	0.7714	997
538	981	-0.001	0.8566	1007
2435	3361	-26.016	0.7828	1010
572	900	28.031	0.7699	1011
2415	2600	0.003	0.7305	1013
2415	3483	-14.011	0.7103	1013
2358	2600	28.035	0.7006	1013
1971	2415	26.011	0.7022	1013
1971	2600	26.014	0.7154	1013
1765	2358	-0.002	0.7586	1013
1765	2415	28.030	0.7108	1013
1765	2600	28.033	0.726	1013
1765	2938	0.000	0.7417	1013
1513	1765	-0.002	0.7853	1013
1513	1971	2.017	0.7096	1013
1513	2358	-0.003	0.7581	1013
1513	2415	28.028	0.704	1013
1513	2600	28.031	0.732	1013
1513	2938	-0.001	0.7166	1013
1387	1513	0.001	0.7299	1013
1387	1765	-0.001	0.7226	1013
1387	1971	2.018	0.7206	1013
1387	2411	-2.014	0.7235	1013
1387	2415	28.029	0.7317	1013
1387	2600	28.032	0.7473	1013
1029	1387	-28.028	0.7076	1013
1029	1513	-28.027	0.7135	1013
1029	1971	-26.010	0.7322	1013
1029	2415	0.002	0.7576	1013
1029	2600	0.004	0.7354	1013
2411	3483	16.033	0.7048	1013
642	1029	28.030	0.7259	1013
642	1387	0.002	0.7593	1013
642	1513	0.003	0.817	1013
642	1765	0.001	0.8149	1013
642	1971	2.020	0.7407	1013
642	2358	-0.001	0.8022	1013
642	2415	28.031	0.7567	1013
642	2600	28.034	0.7681	1013
642	2938	0.002	0.7171	1013
642	3483	14.020	0.7253	1013
603	891	-15.995	0.7162	1016
603	1579	-18.009	0.7078	1016
603	1682	-13.979	0.7623	1016
603	1863	-15.994	0.7254	1016
603	1933	-13.978	0.7311	1016
603	2727	-16.992	0.7538	1016
1863	4550	15.996	0.7099	1016
1682	1863	-2.015	0.7438	1016
1579	1863	2.015	0.7112	1016
1579	2727	1.017	0.7429	1016
891	1682	2.016	0.7565	1016
891	1863	0.000	0.7475	1016
891	1933	2.017	0.7219	1016
605	761	-260.177	0.7078	1017
605	3884	-27.992	0.716	1017
631	2394	-14.017	0.8791	1019
631	3997	-14.018	0.8484	1019
2394	3997	-0.001	0.7863	1019
1626	2437	-264.057	0.8695	1025
653	726	-15.993	0.8063	1026
653	781	-28.030	0.7703	1026
653	895	-58.006	0.7434	1026
653	952	-15.997	0.7605	1026
653	1228	40.069	0.7739	1026
653	1416	-56.062	0.7633	1026
653	1634	-42.010	0.7553	1026
653	1849	322.324	0.7315	1026
653	3144	-42.043	0.7575	1026
653	4895	0.002	0.7329	1026
1634	2533	26.017	0.7081	1026
1634	2537	-30.046	0.717	1026
1545	1634	-10.022	0.7146	1026
1120	1416	-30.047	0.7066	1026
1228	1545	-72.058	0.7294	1026
1228	1634	-82.079	0.7563	1026
1228	1849	282.255	0.721	1026
1228	2533	-56.062	0.7103	1026
1228	3144	-82.112	0.716	1026
952	1228	56.066	0.7684	1026
952	1545	-15.991	0.7051	1026
952	1634	-26.013	0.7226	1026
952	1674	-42.006	0.7029	1026
952	2518	-56.059	0.7146	1026
952	2537	-56.059	0.7077	1026
895	952	42.009	0.7319	1026
895	1228	98.075	0.7409	1026
895	1545	26.018	0.7216	1026
895	1634	15.996	0.7478	1026
895	1962	15.996	0.7007	1026
895	2537	-14.050	0.7017	1026
781	1120	2.015	0.7008	1026
781	1228	68.099	0.7112	1026
726	895	-42.012	0.7727	1026
726	952	-0.003	0.7843	1026
726	1228	56.063	0.7877	1026
726	1416	-40.069	0.7543	1026
726	1545	-15.995	0.7505	1026
726	1634	-26.016	0.7733	1026
726	2518	-56.063	0.7275	1026
726	2537	-56.062	0.7568	1026
726	2606	-14.015	0.7346	1026
674	705	-14.011	0.8651	1029
674	1520	-30.008	0.7156	1029
674	1960	-15.993	0.8008	1029
674	3876	14.017	0.7425	1029
674	4960	14.021	0.7321	1029
1520	1960	14.015	0.8062	1029
705	1520	-15.996	0.8368	1029
705	3876	28.028	0.7635	1029
699	1071	-14.015	0.7729	1032
699	1212	0.001	0.7561	1032
699	2222	2.012	0.7275	1032
914	1071	-2.014	0.7988	1032
914	2222	14.012	0.7029	1032
1212	2222	2.011	0.7257	1032
1071	1212	14.015	0.7271	1032
716	2795	56.063	0.7002	1033
765	768	203.083	0.7666	1038
765	769	161.067	0.7486	1038
765	944	189.097	0.7346	1038
765	1615	-28.034	0.8237	1038
765	1688	175.048	0.7062	1038
765	2738	205.091	0.724	1038
765	3253	2.011	0.7569	1038
765	3281	-162.054	0.7474	1038
765	3396	177.063	0.7053	1038
765	4902	28.027	0.7662	1038
3253	4902	26.016	0.7311	1038
2738	3396	-28.027	0.7728	1038
1408	2217	-45.163	0.7355	1038
1408	2738	-246.227	0.7083	1038
1408	4461	-81.022	0.7349	1038
1063	1094	9.003	0.768	1038
1063	1408	-345.612	0.7292	1038
1063	1904	-5.009	0.7091	1038
1063	2402	-81.024	0.7363	1038
1063	2601	110.548	0.7215	1038
1063	3577	14.014	0.7273	1038
1063	5126	-95.038	0.7367	1038
1063	5164	-169.046	0.7362	1038
2402	2601	191.572	0.7116	1038
2402	5126	-14.014	0.737	1038
1688	2738	30.043	0.7586	1038
1688	3396	2.016	0.7669	1038
1615	1688	203.082	0.7017	1038
1615	2450	465.336	0.7433	1038
1615	3253	30.045	0.7396	1038
1615	3281	-134.020	0.7028	1038
1615	3950	2.017	0.7082	1038
1615	4902	56.061	0.766	1038
944	1408	262.221	0.7296	1038
944	1615	-217.131	0.7157	1038
944	1688	-14.049	0.7947	1038
944	2738	15.994	0.795	1038
944	3396	-12.034	0.8052	1038
944	4902	-161.070	0.7107	1038
769	944	28.030	0.8661	1038
769	1408	290.251	0.7089	1038
769	1615	-189.101	0.736	1038
769	1688	13.981	0.8141	1038
769	2738	44.024	0.8174	1038
769	3253	-159.056	0.7035	1038
769	3396	15.996	0.8113	1038
769	4902	-133.040	0.7027	1038
768	769	-42.016	0.8349	1038
768	944	-13.986	0.8342	1038
768	1408	248.235	0.775	1038
768	1615	-231.117	0.7168	1038
768	1688	-28.035	0.7889	1038
768	2217	203.072	0.7064	1038
768	2738	2.008	0.8194	1038
768	3396	-26.020	0.7865	1038
768	4902	-175.056	0.7049	1038
1313	1613	0.001	0.8027	1042
865	1062	-28.031	0.7103	1043
865	1192	-14.014	0.7209	1043
925	4377	0.001	0.7966	1047
990	2145	-0.000	0.84	1051
990	3533	14.017	0.8257	1051
2145	3533	14.017	0.7708	1051
998	1065	27.995	0.8814	1052
998	2346	0.001	0.8289	1052
998	3326	84.060	0.7714	1052
998	3624	56.063	0.7637	1052
998	3905	-17.025	0.7182	1052
998	4031	140.120	0.7484	1052
3326	3624	-27.996	0.7314	1052
1065	2346	-27.994	0.785	1052
1065	3326	56.065	0.719	1052
1031	1054	-15.035	0.8878	1053
1047	1897	0.000	0.7576	1058
1072	1741	14.015	0.7047	1060
1177	1959	0.001	0.8414	1067
1220	1319	18.012	0.7094	1068
1244	1300	-14.012	0.8384	1073
1244	3502	2.019	0.7138	1073
1300	2097	28.032	0.7302	1073
1245	3822	-28.032	0.7016	1074
1254	1600	0.000	0.7095	1075
1256	1543	-0.001	0.8152	1076
1256	2451	62.983	0.8015	1076
1256	5041	46.988	0.7501	1076
1256	6415	2.016	0.7902	1076
2451	5041	-15.995	0.7869	1076
1543	2451	62.984	0.7788	1076
1543	5041	46.989	0.7306	1076
1543	6415	2.017	0.7413	1076
1380	1434	28.033	0.8846	1080
1414	1533	56.061	0.782	1081
1423	3021	-28.033	0.7809	1083
1423	3363	15.996	0.7532	1083
3363	4369	-2.016	0.7008	1083
1465	1577	-93.543	0.7486	1085
1465	1907	-0.500	0.7458	1085
1577	2353	-14.015	0.7587	1085
1577	2817	-81.025	0.7205	1085
1473	2198	0.000	0.7586	1086
1532	3873	28.031	0.7007	1088
1617	5167	2.017	0.783	1090
1685	2204	-0.024	0.7241	1092
1695	2173	-28.032	0.7514	1093
1695	2680	14.015	0.7466	1093
2173	2680	42.047	0.7341	1093
1795	1973	0.113	0.7277	1094
2047	2166	-14.013	0.8411	1100
2082	5058	2.010	0.7441	1101
2085	2525	15.993	0.7855	1102
2101	4385	-6.047	0.7083	1103
2301	6456	1.068	0.728	1104
2304	2308	-274.167	0.7324	1105
2329	3372	28.042	0.828	1106
2329	3761	-28.019	0.7428	1106
3372	3761	-56.060	0.7034	1106
3126	4833	70.081	0.8245	1108
2997	4181	-44.026	0.7128	1119
3073	5292	-56.063	0.7029	1122
3582	4562	-28.030	0.7036	1125
3882	6623	-0.014	0.7053	1126
6541	6564	-116.082	0.7872	1129
6541	7228	58.040	0.7527	1129
6541	7488	116.085	0.7087	1129
6541	7656	174.126	0.7049	1129
7228	7488	58.045	0.7116	1129
7228	7656	116.086	0.7184	1129
6564	7228	174.122	0.8061	1129
6564	7488	232.167	0.7601	1129
